"TUW-137078";"=HYPERLINK(""D:\Java\git\MethodDemosGit\MethodDemos\output\groundtruth\TUW-137078.pdf"")";"=HYPERLINK(""D:\Java\git\MethodDemosGit\MethodDemos\output\result\result-TUW-TUW-137078-xstream.xml"")";"=HYPERLINK(""D:\Java\git\MethodDemosGit\MethodDemos\output\extracted\grobid\grobid-TUW-137078-xstream.xml"")";"hypermedia application
usability
interactivity
navigation";"hypermedia application
usability
interactivity
navigation";"1,00";"1,00";"1,00"
"TUW-138011";"=HYPERLINK(""D:\Java\git\MethodDemosGit\MethodDemos\output\groundtruth\TUW-138011.pdf"")";"=HYPERLINK(""D:\Java\git\MethodDemosGit\MethodDemos\output\result\result-TUW-TUW-138011-xstream.xml"")";"=HYPERLINK(""D:\Java\git\MethodDemosGit\MethodDemos\output\extracted\grobid\grobid-TUW-138011-xstream.xml"")";"";"";"none extracted value";"none expected";"NA"
"TUW-138447";"=HYPERLINK(""D:\Java\git\MethodDemosGit\MethodDemos\output\groundtruth\TUW-138447.pdf"")";"=HYPERLINK(""D:\Java\git\MethodDemosGit\MethodDemos\output\result\result-TUW-TUW-138447-xstream.xml"")";"=HYPERLINK(""D:\Java\git\MethodDemosGit\MethodDemos\output\extracted\grobid\grobid-TUW-138447-xstream.xml"")";"Radial basis function networks
regression
colorimetric characterization of printing devices";"Radial basis function networks
regression
colorimetric characterization of printing devices";"1,00";"1,00";"1,00"
"TUW-138544";"=HYPERLINK(""D:\Java\git\MethodDemosGit\MethodDemos\output\groundtruth\TUW-138544.pdf"")";"=HYPERLINK(""D:\Java\git\MethodDemosGit\MethodDemos\output\result\result-TUW-TUW-138544-xstream.xml"")";"=HYPERLINK(""D:\Java\git\MethodDemosGit\MethodDemos\output\extracted\grobid\grobid-TUW-138544-xstream.xml"")";"";"";"none extracted value";"none expected";"NA"
"TUW-138547";"=HYPERLINK(""D:\Java\git\MethodDemosGit\MethodDemos\output\groundtruth\TUW-138547.pdf"")";"=HYPERLINK(""D:\Java\git\MethodDemosGit\MethodDemos\output\result\result-TUW-TUW-138547-xstream.xml"")";"=HYPERLINK(""D:\Java\git\MethodDemosGit\MethodDemos\output\extracted\grobid\grobid-TUW-138547-xstream.xml"")";"";"";"none extracted value";"none expected";"NA"
"TUW-139299";"=HYPERLINK(""D:\Java\git\MethodDemosGit\MethodDemos\output\groundtruth\TUW-139299.pdf"")";"=HYPERLINK(""D:\Java\git\MethodDemosGit\MethodDemos\output\result\result-TUW-TUW-139299-xstream.xml"")";"=HYPERLINK(""D:\Java\git\MethodDemosGit\MethodDemos\output\extracted\grobid\grobid-TUW-139299-xstream.xml"")";"";"";"none extracted value";"none expected";"NA"
"TUW-139761";"=HYPERLINK(""D:\Java\git\MethodDemosGit\MethodDemos\output\groundtruth\TUW-139761.pdf"")";"=HYPERLINK(""D:\Java\git\MethodDemosGit\MethodDemos\output\result\result-TUW-TUW-139761-xstream.xml"")";"=HYPERLINK(""D:\Java\git\MethodDemosGit\MethodDemos\output\extracted\grobid\grobid-TUW-139761-xstream.xml"")";"";"";"none extracted value";"none expected";"NA"
"TUW-139769";"=HYPERLINK(""D:\Java\git\MethodDemosGit\MethodDemos\output\groundtruth\TUW-139769.pdf"")";"=HYPERLINK(""D:\Java\git\MethodDemosGit\MethodDemos\output\result\result-TUW-TUW-139769-xstream.xml"")";"=HYPERLINK(""D:\Java\git\MethodDemosGit\MethodDemos\output\extracted\grobid\grobid-TUW-139769-xstream.xml"")";"";"";"none extracted value";"none expected";"NA"
"TUW-139781";"=HYPERLINK(""D:\Java\git\MethodDemosGit\MethodDemos\output\groundtruth\TUW-139781.pdf"")";"=HYPERLINK(""D:\Java\git\MethodDemosGit\MethodDemos\output\result\result-TUW-TUW-139781-xstream.xml"")";"=HYPERLINK(""D:\Java\git\MethodDemosGit\MethodDemos\output\extracted\grobid\grobid-TUW-139781-xstream.xml"")";"";"";"none extracted value";"none expected";"NA"
"TUW-139785";"=HYPERLINK(""D:\Java\git\MethodDemosGit\MethodDemos\output\groundtruth\TUW-139785.pdf"")";"=HYPERLINK(""D:\Java\git\MethodDemosGit\MethodDemos\output\result\result-TUW-TUW-139785-xstream.xml"")";"=HYPERLINK(""D:\Java\git\MethodDemosGit\MethodDemos\output\extracted\grobid\grobid-TUW-139785-xstream.xml"")";"";"";"none extracted value";"none expected";"NA"
"TUW-140047";"=HYPERLINK(""D:\Java\git\MethodDemosGit\MethodDemos\output\groundtruth\TUW-140047.pdf"")";"=HYPERLINK(""D:\Java\git\MethodDemosGit\MethodDemos\output\result\result-TUW-TUW-140047-xstream.xml"")";"=HYPERLINK(""D:\Java\git\MethodDemosGit\MethodDemos\output\extracted\grobid\grobid-TUW-140047-xstream.xml"")";"";"";"none extracted value";"none expected";"NA"
"TUW-140048";"=HYPERLINK(""D:\Java\git\MethodDemosGit\MethodDemos\output\groundtruth\TUW-140048.pdf"")";"=HYPERLINK(""D:\Java\git\MethodDemosGit\MethodDemos\output\result\result-TUW-TUW-140048-xstream.xml"")";"=HYPERLINK(""D:\Java\git\MethodDemosGit\MethodDemos\output\extracted\grobid\grobid-TUW-140048-xstream.xml"")";"";"";"none extracted value";"none expected";"NA"
"TUW-140229";"=HYPERLINK(""D:\Java\git\MethodDemosGit\MethodDemos\output\groundtruth\TUW-140229.pdf"")";"=HYPERLINK(""D:\Java\git\MethodDemosGit\MethodDemos\output\result\result-TUW-TUW-140229-xstream.xml"")";"=HYPERLINK(""D:\Java\git\MethodDemosGit\MethodDemos\output\extracted\grobid\grobid-TUW-140229-xstream.xml"")";"";"";"none extracted value";"none expected";"NA"
"TUW-140253";"=HYPERLINK(""D:\Java\git\MethodDemosGit\MethodDemos\output\groundtruth\TUW-140253.pdf"")";"=HYPERLINK(""D:\Java\git\MethodDemosGit\MethodDemos\output\result\result-TUW-TUW-140253-xstream.xml"")";"=HYPERLINK(""D:\Java\git\MethodDemosGit\MethodDemos\output\extracted\grobid\grobid-TUW-140253-xstream.xml"")";"Process types
synchronization
type systems
race-free programs";"Process types
synchronization
type systems
race-free programs";"1,00";"1,00";"1,00"
"TUW-140308";"=HYPERLINK(""D:\Java\git\MethodDemosGit\MethodDemos\output\groundtruth\TUW-140308.pdf"")";"=HYPERLINK(""D:\Java\git\MethodDemosGit\MethodDemos\output\result\result-TUW-TUW-140308-xstream.xml"")";"=HYPERLINK(""D:\Java\git\MethodDemosGit\MethodDemos\output\extracted\grobid\grobid-TUW-140308-xstream.xml"")";"";"";"none extracted value";"none expected";"NA"
"TUW-140533";"=HYPERLINK(""D:\Java\git\MethodDemosGit\MethodDemos\output\groundtruth\TUW-140533.pdf"")";"=HYPERLINK(""D:\Java\git\MethodDemosGit\MethodDemos\output\result\result-TUW-TUW-140533-xstream.xml"")";"=HYPERLINK(""D:\Java\git\MethodDemosGit\MethodDemos\output\extracted\grobid\grobid-TUW-140533-xstream.xml"")";"";"";"none extracted value";"none expected";"NA"
"TUW-140867";"=HYPERLINK(""D:\Java\git\MethodDemosGit\MethodDemos\output\groundtruth\TUW-140867.pdf"")";"=HYPERLINK(""D:\Java\git\MethodDemosGit\MethodDemos\output\result\result-TUW-TUW-140867-xstream.xml"")";"=HYPERLINK(""D:\Java\git\MethodDemosGit\MethodDemos\output\extracted\grobid\grobid-TUW-140867-xstream.xml"")";"formal verification of software
Perfect Developer";"";"none extracted value";"0,00";"0,00"
"TUW-140895";"=HYPERLINK(""D:\Java\git\MethodDemosGit\MethodDemos\output\groundtruth\TUW-140895.pdf"")";"=HYPERLINK(""D:\Java\git\MethodDemosGit\MethodDemos\output\result\result-TUW-TUW-140895-xstream.xml"")";"=HYPERLINK(""D:\Java\git\MethodDemosGit\MethodDemos\output\extracted\grobid\grobid-TUW-140895-xstream.xml"")";"";"";"none extracted value";"none expected";"NA"
"TUW-140983";"=HYPERLINK(""D:\Java\git\MethodDemosGit\MethodDemos\output\groundtruth\TUW-140983.pdf"")";"=HYPERLINK(""D:\Java\git\MethodDemosGit\MethodDemos\output\result\result-TUW-TUW-140983-xstream.xml"")";"=HYPERLINK(""D:\Java\git\MethodDemosGit\MethodDemos\output\extracted\grobid\grobid-TUW-140983-xstream.xml"")";"tagging user profiles adaptivity";"";"none extracted value";"0,00";"0,00"
"TUW-141024";"=HYPERLINK(""D:\Java\git\MethodDemosGit\MethodDemos\output\groundtruth\TUW-141024.pdf"")";"=HYPERLINK(""D:\Java\git\MethodDemosGit\MethodDemos\output\result\result-TUW-TUW-141024-xstream.xml"")";"=HYPERLINK(""D:\Java\git\MethodDemosGit\MethodDemos\output\extracted\grobid\grobid-TUW-141024-xstream.xml"")";"";"";"none extracted value";"none expected";"NA"
"TUW-141065";"=HYPERLINK(""D:\Java\git\MethodDemosGit\MethodDemos\output\groundtruth\TUW-141065.pdf"")";"=HYPERLINK(""D:\Java\git\MethodDemosGit\MethodDemos\output\result\result-TUW-TUW-141065-xstream.xml"")";"=HYPERLINK(""D:\Java\git\MethodDemosGit\MethodDemos\output\extracted\grobid\grobid-TUW-141065-xstream.xml"")";"";"";"none extracted value";"none expected";"NA"
"TUW-141121";"=HYPERLINK(""D:\Java\git\MethodDemosGit\MethodDemos\output\groundtruth\TUW-141121.pdf"")";"=HYPERLINK(""D:\Java\git\MethodDemosGit\MethodDemos\output\result\result-TUW-TUW-141121-xstream.xml"")";"=HYPERLINK(""D:\Java\git\MethodDemosGit\MethodDemos\output\extracted\grobid\grobid-TUW-141121-xstream.xml"")";"";"";"none extracted value";"none expected";"NA"
"TUW-141140";"=HYPERLINK(""D:\Java\git\MethodDemosGit\MethodDemos\output\groundtruth\TUW-141140.pdf"")";"=HYPERLINK(""D:\Java\git\MethodDemosGit\MethodDemos\output\result\result-TUW-TUW-141140-xstream.xml"")";"=HYPERLINK(""D:\Java\git\MethodDemosGit\MethodDemos\output\extracted\grobid\grobid-TUW-141140-xstream.xml"")";"";"";"none extracted value";"none expected";"NA"
"TUW-141336";"=HYPERLINK(""D:\Java\git\MethodDemosGit\MethodDemos\output\groundtruth\TUW-141336.pdf"")";"=HYPERLINK(""D:\Java\git\MethodDemosGit\MethodDemos\output\result\result-TUW-TUW-141336-xstream.xml"")";"=HYPERLINK(""D:\Java\git\MethodDemosGit\MethodDemos\output\extracted\grobid\grobid-TUW-141336-xstream.xml"")";"";"";"none extracted value";"none expected";"NA"
"TUW-141618";"=HYPERLINK(""D:\Java\git\MethodDemosGit\MethodDemos\output\groundtruth\TUW-141618.pdf"")";"=HYPERLINK(""D:\Java\git\MethodDemosGit\MethodDemos\output\result\result-TUW-TUW-141618-xstream.xml"")";"=HYPERLINK(""D:\Java\git\MethodDemosGit\MethodDemos\output\extracted\grobid\grobid-TUW-141618-xstream.xml"")";"";"";"none extracted value";"none expected";"NA"
"TUW-141758";"=HYPERLINK(""D:\Java\git\MethodDemosGit\MethodDemos\output\groundtruth\TUW-141758.pdf"")";"=HYPERLINK(""D:\Java\git\MethodDemosGit\MethodDemos\output\result\result-TUW-TUW-141758-xstream.xml"")";"=HYPERLINK(""D:\Java\git\MethodDemosGit\MethodDemos\output\extracted\grobid\grobid-TUW-141758-xstream.xml"")";"";"";"none extracted value";"none expected";"NA"
"TUW-168222";"=HYPERLINK(""D:\Java\git\MethodDemosGit\MethodDemos\output\groundtruth\TUW-168222.pdf"")";"=HYPERLINK(""D:\Java\git\MethodDemosGit\MethodDemos\output\result\result-TUW-TUW-168222-xstream.xml"")";"=HYPERLINK(""D:\Java\git\MethodDemosGit\MethodDemos\output\extracted\grobid\grobid-TUW-168222-xstream.xml"")";"";"";"none extracted value";"none expected";"NA"
"TUW-168482";"=HYPERLINK(""D:\Java\git\MethodDemosGit\MethodDemos\output\groundtruth\TUW-168482.pdf"")";"=HYPERLINK(""D:\Java\git\MethodDemosGit\MethodDemos\output\result\result-TUW-TUW-168482-xstream.xml"")";"=HYPERLINK(""D:\Java\git\MethodDemosGit\MethodDemos\output\extracted\grobid\grobid-TUW-168482-xstream.xml"")";"";"";"none extracted value";"none expected";"NA"
"TUW-169511";"=HYPERLINK(""D:\Java\git\MethodDemosGit\MethodDemos\output\groundtruth\TUW-169511.pdf"")";"=HYPERLINK(""D:\Java\git\MethodDemosGit\MethodDemos\output\result\result-TUW-TUW-169511-xstream.xml"")";"=HYPERLINK(""D:\Java\git\MethodDemosGit\MethodDemos\output\extracted\grobid\grobid-TUW-169511-xstream.xml"")";"";"";"none extracted value";"none expected";"NA"
"TUW-172697";"=HYPERLINK(""D:\Java\git\MethodDemosGit\MethodDemos\output\groundtruth\TUW-172697.pdf"")";"=HYPERLINK(""D:\Java\git\MethodDemosGit\MethodDemos\output\result\result-TUW-TUW-172697-xstream.xml"")";"=HYPERLINK(""D:\Java\git\MethodDemosGit\MethodDemos\output\extracted\grobid\grobid-TUW-172697-xstream.xml"")";"Design
Experimentation
Measurement
Standardization";"Figure 1: Requirements tree in Plato H3 [Information Storage and Retrieval]: H37 Digital Libraries General Terms Design
Experimentation
Measurement
Standardization";"0,75";"0,75";"0,75"
"TUW-174216";"=HYPERLINK(""D:\Java\git\MethodDemosGit\MethodDemos\output\groundtruth\TUW-174216.pdf"")";"=HYPERLINK(""D:\Java\git\MethodDemosGit\MethodDemos\output\result\result-TUW-TUW-174216-xstream.xml"")";"=HYPERLINK(""D:\Java\git\MethodDemosGit\MethodDemos\output\extracted\grobid\grobid-TUW-174216-xstream.xml"")";"Digital Libraries
Digital Preservation
Preservation Planning
Content Characterisation
Migration
XML languages
Evaluation
File formats
File conversion";"Digital Libraries
Digital Preservation
Preservation Planning
Content Characterisation
Migration
XML languages
Evaluation
File formats
File conversion Category: H37 Information Storage and Retrieval-Digital Libraries;";"0,89";"0,89";"0,89"
"TUW-175428";"=HYPERLINK(""D:\Java\git\MethodDemosGit\MethodDemos\output\groundtruth\TUW-175428.pdf"")";"=HYPERLINK(""D:\Java\git\MethodDemosGit\MethodDemos\output\result\result-TUW-TUW-175428-xstream.xml"")";"=HYPERLINK(""D:\Java\git\MethodDemosGit\MethodDemos\output\extracted\grobid\grobid-TUW-175428-xstream.xml"")";"";"";"none extracted value";"none expected";"NA"
"TUW-176087";"=HYPERLINK(""D:\Java\git\MethodDemosGit\MethodDemos\output\groundtruth\TUW-176087.pdf"")";"=HYPERLINK(""D:\Java\git\MethodDemosGit\MethodDemos\output\result\result-TUW-TUW-176087-xstream.xml"")";"=HYPERLINK(""D:\Java\git\MethodDemosGit\MethodDemos\output\extracted\grobid\grobid-TUW-176087-xstream.xml"")";"Serious games
mental disorders
cognitive-behavioral therapy";"Serious games
mental disorders
cognitive-behavioral therapy";"1,00";"1,00";"1,00"
"TUW-177140";"=HYPERLINK(""D:\Java\git\MethodDemosGit\MethodDemos\output\groundtruth\TUW-177140.pdf"")";"=HYPERLINK(""D:\Java\git\MethodDemosGit\MethodDemos\output\result\result-TUW-TUW-177140-xstream.xml"")";"=HYPERLINK(""D:\Java\git\MethodDemosGit\MethodDemos\output\extracted\grobid\grobid-TUW-177140-xstream.xml"")";"";"";"none extracted value";"none expected";"NA"
"TUW-179146";"=HYPERLINK(""D:\Java\git\MethodDemosGit\MethodDemos\output\groundtruth\TUW-179146.pdf"")";"=HYPERLINK(""D:\Java\git\MethodDemosGit\MethodDemos\output\result\result-TUW-TUW-179146-xstream.xml"")";"=HYPERLINK(""D:\Java\git\MethodDemosGit\MethodDemos\output\extracted\grobid\grobid-TUW-179146-xstream.xml"")";"";"";"none extracted value";"none expected";"NA"
"TUW-180162";"=HYPERLINK(""D:\Java\git\MethodDemosGit\MethodDemos\output\groundtruth\TUW-180162.pdf"")";"=HYPERLINK(""D:\Java\git\MethodDemosGit\MethodDemos\output\result\result-TUW-TUW-180162-xstream.xml"")";"=HYPERLINK(""D:\Java\git\MethodDemosGit\MethodDemos\output\extracted\grobid\grobid-TUW-180162-xstream.xml"")";"";"";"none extracted value";"none expected";"NA"
"TUW-181199";"=HYPERLINK(""D:\Java\git\MethodDemosGit\MethodDemos\output\groundtruth\TUW-181199.pdf"")";"=HYPERLINK(""D:\Java\git\MethodDemosGit\MethodDemos\output\result\result-TUW-TUW-181199-xstream.xml"")";"=HYPERLINK(""D:\Java\git\MethodDemosGit\MethodDemos\output\extracted\grobid\grobid-TUW-181199-xstream.xml"")";"";"";"none extracted value";"none expected";"NA"
"TUW-182414";"=HYPERLINK(""D:\Java\git\MethodDemosGit\MethodDemos\output\groundtruth\TUW-182414.pdf"")";"=HYPERLINK(""D:\Java\git\MethodDemosGit\MethodDemos\output\result\result-TUW-TUW-182414-xstream.xml"")";"=HYPERLINK(""D:\Java\git\MethodDemosGit\MethodDemos\output\extracted\grobid\grobid-TUW-182414-xstream.xml"")";"";"";"none extracted value";"none expected";"NA"
"TUW-182899";"=HYPERLINK(""D:\Java\git\MethodDemosGit\MethodDemos\output\groundtruth\TUW-182899.pdf"")";"=HYPERLINK(""D:\Java\git\MethodDemosGit\MethodDemos\output\result\result-TUW-TUW-182899-xstream.xml"")";"=HYPERLINK(""D:\Java\git\MethodDemosGit\MethodDemos\output\extracted\grobid\grobid-TUW-182899-xstream.xml"")";"SenseCam
passive image capture
reflective practice
teacher training";"SenseCam, passive image capture
reflective practice
teacher training";"0,67";"0,50";"0,57"
"TUW-185321";"=HYPERLINK(""D:\Java\git\MethodDemosGit\MethodDemos\output\groundtruth\TUW-185321.pdf"")";"=HYPERLINK(""D:\Java\git\MethodDemosGit\MethodDemos\output\result\result-TUW-TUW-185321-xstream.xml"")";"=HYPERLINK(""D:\Java\git\MethodDemosGit\MethodDemos\output\extracted\grobid\grobid-TUW-185321-xstream.xml"")";"";"";"none extracted value";"none expected";"NA"
"TUW-185441";"=HYPERLINK(""D:\Java\git\MethodDemosGit\MethodDemos\output\groundtruth\TUW-185441.pdf"")";"=HYPERLINK(""D:\Java\git\MethodDemosGit\MethodDemos\output\result\result-TUW-TUW-185441-xstream.xml"")";"=HYPERLINK(""D:\Java\git\MethodDemosGit\MethodDemos\output\extracted\grobid\grobid-TUW-185441-xstream.xml"")";"";"";"none extracted value";"none expected";"NA"
"TUW-186227";"=HYPERLINK(""D:\Java\git\MethodDemosGit\MethodDemos\output\groundtruth\TUW-186227.pdf"")";"=HYPERLINK(""D:\Java\git\MethodDemosGit\MethodDemos\output\result\result-TUW-TUW-186227-xstream.xml"")";"=HYPERLINK(""D:\Java\git\MethodDemosGit\MethodDemos\output\extracted\grobid\grobid-TUW-186227-xstream.xml"")";"";"";"none extracted value";"none expected";"NA"
"TUW-189842";"=HYPERLINK(""D:\Java\git\MethodDemosGit\MethodDemos\output\groundtruth\TUW-189842.pdf"")";"=HYPERLINK(""D:\Java\git\MethodDemosGit\MethodDemos\output\result\result-TUW-TUW-189842-xstream.xml"")";"=HYPERLINK(""D:\Java\git\MethodDemosGit\MethodDemos\output\extracted\grobid\grobid-TUW-189842-xstream.xml"")";"Rehabilitation technologies
stroke
user centred design";"";"none extracted value";"0,00";"0,00"
"TUW-191715";"=HYPERLINK(""D:\Java\git\MethodDemosGit\MethodDemos\output\groundtruth\TUW-191715.pdf"")";"=HYPERLINK(""D:\Java\git\MethodDemosGit\MethodDemos\output\result\result-TUW-TUW-191715-xstream.xml"")";"=HYPERLINK(""D:\Java\git\MethodDemosGit\MethodDemos\output\extracted\grobid\grobid-TUW-191715-xstream.xml"")";"computer graphics
rendering
visualization
challenges
computer vision";"computer graphics
rendering
visualization
challenges
computer vision 2000 Mathematics Subject Classification: 68-02
68U05";"0,67";"0,80";"0,73"
"TUW-191977";"=HYPERLINK(""D:\Java\git\MethodDemosGit\MethodDemos\output\groundtruth\TUW-191977.pdf"")";"=HYPERLINK(""D:\Java\git\MethodDemosGit\MethodDemos\output\result\result-TUW-TUW-191977-xstream.xml"")";"=HYPERLINK(""D:\Java\git\MethodDemosGit\MethodDemos\output\extracted\grobid\grobid-TUW-191977-xstream.xml"")";"";"";"none extracted value";"none expected";"NA"
"TUW-192724";"=HYPERLINK(""D:\Java\git\MethodDemosGit\MethodDemos\output\groundtruth\TUW-192724.pdf"")";"=HYPERLINK(""D:\Java\git\MethodDemosGit\MethodDemos\output\result\result-TUW-TUW-192724-xstream.xml"")";"=HYPERLINK(""D:\Java\git\MethodDemosGit\MethodDemos\output\extracted\grobid\grobid-TUW-192724-xstream.xml"")";"the personnel usefulness function
innovation characteristics
the employee selection efficiency method";"the personnel usefulness function
innovation characteristics
the employee selection efficiency method";"1,00";"1,00";"1,00"
"TUW-194085";"=HYPERLINK(""D:\Java\git\MethodDemosGit\MethodDemos\output\groundtruth\TUW-194085.pdf"")";"=HYPERLINK(""D:\Java\git\MethodDemosGit\MethodDemos\output\result\result-TUW-TUW-194085-xstream.xml"")";"=HYPERLINK(""D:\Java\git\MethodDemosGit\MethodDemos\output\extracted\grobid\grobid-TUW-194085-xstream.xml"")";"";"";"none extracted value";"none expected";"NA"
"TUW-194561";"=HYPERLINK(""D:\Java\git\MethodDemosGit\MethodDemos\output\groundtruth\TUW-194561.pdf"")";"=HYPERLINK(""D:\Java\git\MethodDemosGit\MethodDemos\output\result\result-TUW-TUW-194561-xstream.xml"")";"=HYPERLINK(""D:\Java\git\MethodDemosGit\MethodDemos\output\extracted\grobid\grobid-TUW-194561-xstream.xml"")";"";"";"none extracted value";"none expected";"NA"
"TUW-194660";"=HYPERLINK(""D:\Java\git\MethodDemosGit\MethodDemos\output\groundtruth\TUW-194660.pdf"")";"=HYPERLINK(""D:\Java\git\MethodDemosGit\MethodDemos\output\result\result-TUW-TUW-194660-xstream.xml"")";"=HYPERLINK(""D:\Java\git\MethodDemosGit\MethodDemos\output\extracted\grobid\grobid-TUW-194660-xstream.xml"")";"";"";"none extracted value";"none expected";"NA"
"TUW-197422";"=HYPERLINK(""D:\Java\git\MethodDemosGit\MethodDemos\output\groundtruth\TUW-197422.pdf"")";"=HYPERLINK(""D:\Java\git\MethodDemosGit\MethodDemos\output\result\result-TUW-TUW-197422-xstream.xml"")";"=HYPERLINK(""D:\Java\git\MethodDemosGit\MethodDemos\output\extracted\grobid\grobid-TUW-197422-xstream.xml"")";"";"";"none extracted value";"none expected";"NA"
"TUW-197852";"=HYPERLINK(""D:\Java\git\MethodDemosGit\MethodDemos\output\groundtruth\TUW-197852.pdf"")";"=HYPERLINK(""D:\Java\git\MethodDemosGit\MethodDemos\output\result\result-TUW-TUW-197852-xstream.xml"")";"=HYPERLINK(""D:\Java\git\MethodDemosGit\MethodDemos\output\extracted\grobid\grobid-TUW-197852-xstream.xml"")";"modeling exercises
natural language description";"";"none extracted value";"0,00";"0,00"
"TUW-198400";"=HYPERLINK(""D:\Java\git\MethodDemosGit\MethodDemos\output\groundtruth\TUW-198400.pdf"")";"=HYPERLINK(""D:\Java\git\MethodDemosGit\MethodDemos\output\result\result-TUW-TUW-198400-xstream.xml"")";"=HYPERLINK(""D:\Java\git\MethodDemosGit\MethodDemos\output\extracted\grobid\grobid-TUW-198400-xstream.xml"")";"";"";"none extracted value";"none expected";"NA"
"TUW-198401";"=HYPERLINK(""D:\Java\git\MethodDemosGit\MethodDemos\output\groundtruth\TUW-198401.pdf"")";"=HYPERLINK(""D:\Java\git\MethodDemosGit\MethodDemos\output\result\result-TUW-TUW-198401-xstream.xml"")";"=HYPERLINK(""D:\Java\git\MethodDemosGit\MethodDemos\output\extracted\grobid\grobid-TUW-198401-xstream.xml"")";"Security
Risk Management
Economics
Decision Support";"Security
Risk Management
Economics
Decision Support";"1,00";"1,00";"1,00"
"TUW-198405";"=HYPERLINK(""D:\Java\git\MethodDemosGit\MethodDemos\output\groundtruth\TUW-198405.pdf"")";"=HYPERLINK(""D:\Java\git\MethodDemosGit\MethodDemos\output\result\result-TUW-TUW-198405-xstream.xml"")";"=HYPERLINK(""D:\Java\git\MethodDemosGit\MethodDemos\output\extracted\grobid\grobid-TUW-198405-xstream.xml"")";"";"";"none extracted value";"none expected";"NA"
"TUW-198408";"=HYPERLINK(""D:\Java\git\MethodDemosGit\MethodDemos\output\groundtruth\TUW-198408.pdf"")";"=HYPERLINK(""D:\Java\git\MethodDemosGit\MethodDemos\output\result\result-TUW-TUW-198408-xstream.xml"")";"=HYPERLINK(""D:\Java\git\MethodDemosGit\MethodDemos\output\extracted\grobid\grobid-TUW-198408-xstream.xml"")";"";"";"none extracted value";"none expected";"NA"
"TUW-200745";"=HYPERLINK(""D:\Java\git\MethodDemosGit\MethodDemos\output\groundtruth\TUW-200745.pdf"")";"=HYPERLINK(""D:\Java\git\MethodDemosGit\MethodDemos\output\result\result-TUW-TUW-200745-xstream.xml"")";"=HYPERLINK(""D:\Java\git\MethodDemosGit\MethodDemos\output\extracted\grobid\grobid-TUW-200745-xstream.xml"")";"";"";"none extracted value";"none expected";"NA"
"TUW-200748";"=HYPERLINK(""D:\Java\git\MethodDemosGit\MethodDemos\output\groundtruth\TUW-200748.pdf"")";"=HYPERLINK(""D:\Java\git\MethodDemosGit\MethodDemos\output\result\result-TUW-TUW-200748-xstream.xml"")";"=HYPERLINK(""D:\Java\git\MethodDemosGit\MethodDemos\output\extracted\grobid\grobid-TUW-200748-xstream.xml"")";"";"";"none extracted value";"none expected";"NA"
"TUW-200948";"=HYPERLINK(""D:\Java\git\MethodDemosGit\MethodDemos\output\groundtruth\TUW-200948.pdf"")";"=HYPERLINK(""D:\Java\git\MethodDemosGit\MethodDemos\output\result\result-TUW-TUW-200948-xstream.xml"")";"=HYPERLINK(""D:\Java\git\MethodDemosGit\MethodDemos\output\extracted\grobid\grobid-TUW-200948-xstream.xml"")";"";"";"none extracted value";"none expected";"NA"
"TUW-200950";"=HYPERLINK(""D:\Java\git\MethodDemosGit\MethodDemos\output\groundtruth\TUW-200950.pdf"")";"=HYPERLINK(""D:\Java\git\MethodDemosGit\MethodDemos\output\result\result-TUW-TUW-200950-xstream.xml"")";"=HYPERLINK(""D:\Java\git\MethodDemosGit\MethodDemos\output\extracted\grobid\grobid-TUW-200950-xstream.xml"")";"";"Topics: Parameterized Complexity
Bounded Treewidth
Graph Coloring";"0,00";"none expected";"0,00"
"TUW-200959";"=HYPERLINK(""D:\Java\git\MethodDemosGit\MethodDemos\output\groundtruth\TUW-200959.pdf"")";"=HYPERLINK(""D:\Java\git\MethodDemosGit\MethodDemos\output\result\result-TUW-TUW-200959-xstream.xml"")";"=HYPERLINK(""D:\Java\git\MethodDemosGit\MethodDemos\output\extracted\grobid\grobid-TUW-200959-xstream.xml"")";"";"";"none extracted value";"none expected";"NA"
"TUW-201066";"=HYPERLINK(""D:\Java\git\MethodDemosGit\MethodDemos\output\groundtruth\TUW-201066.pdf"")";"=HYPERLINK(""D:\Java\git\MethodDemosGit\MethodDemos\output\result\result-TUW-TUW-201066-xstream.xml"")";"=HYPERLINK(""D:\Java\git\MethodDemosGit\MethodDemos\output\extracted\grobid\grobid-TUW-201066-xstream.xml"")";"";"";"none extracted value";"none expected";"NA"
"TUW-201160";"=HYPERLINK(""D:\Java\git\MethodDemosGit\MethodDemos\output\groundtruth\TUW-201160.pdf"")";"=HYPERLINK(""D:\Java\git\MethodDemosGit\MethodDemos\output\result\result-TUW-TUW-201160-xstream.xml"")";"=HYPERLINK(""D:\Java\git\MethodDemosGit\MethodDemos\output\extracted\grobid\grobid-TUW-201160-xstream.xml"")";"";"";"none extracted value";"none expected";"NA"
"TUW-201167";"=HYPERLINK(""D:\Java\git\MethodDemosGit\MethodDemos\output\groundtruth\TUW-201167.pdf"")";"=HYPERLINK(""D:\Java\git\MethodDemosGit\MethodDemos\output\result\result-TUW-TUW-201167-xstream.xml"")";"=HYPERLINK(""D:\Java\git\MethodDemosGit\MethodDemos\output\extracted\grobid\grobid-TUW-201167-xstream.xml"")";"";"";"none extracted value";"none expected";"NA"
"TUW-201821";"=HYPERLINK(""D:\Java\git\MethodDemosGit\MethodDemos\output\groundtruth\TUW-201821.pdf"")";"=HYPERLINK(""D:\Java\git\MethodDemosGit\MethodDemos\output\result\result-TUW-TUW-201821-xstream.xml"")";"=HYPERLINK(""D:\Java\git\MethodDemosGit\MethodDemos\output\extracted\grobid\grobid-TUW-201821-xstream.xml"")";"";"";"none extracted value";"none expected";"NA"
"TUW-202034";"=HYPERLINK(""D:\Java\git\MethodDemosGit\MethodDemos\output\groundtruth\TUW-202034.pdf"")";"=HYPERLINK(""D:\Java\git\MethodDemosGit\MethodDemos\output\result\result-TUW-TUW-202034-xstream.xml"")";"=HYPERLINK(""D:\Java\git\MethodDemosGit\MethodDemos\output\extracted\grobid\grobid-TUW-202034-xstream.xml"")";"";"";"none extracted value";"none expected";"NA"
"TUW-202824";"=HYPERLINK(""D:\Java\git\MethodDemosGit\MethodDemos\output\groundtruth\TUW-202824.pdf"")";"=HYPERLINK(""D:\Java\git\MethodDemosGit\MethodDemos\output\result\result-TUW-TUW-202824-xstream.xml"")";"=HYPERLINK(""D:\Java\git\MethodDemosGit\MethodDemos\output\extracted\grobid\grobid-TUW-202824-xstream.xml"")";"";"";"none extracted value";"none expected";"NA"
"TUW-203409";"=HYPERLINK(""D:\Java\git\MethodDemosGit\MethodDemos\output\groundtruth\TUW-203409.pdf"")";"=HYPERLINK(""D:\Java\git\MethodDemosGit\MethodDemos\output\result\result-TUW-TUW-203409-xstream.xml"")";"=HYPERLINK(""D:\Java\git\MethodDemosGit\MethodDemos\output\extracted\grobid\grobid-TUW-203409-xstream.xml"")";"code generation
instruction selection
just-in-time compilation
simulation";"code generation
instruction selection
just-in-time compilation
simulation";"1,00";"1,00";"1,00"
"TUW-203924";"=HYPERLINK(""D:\Java\git\MethodDemosGit\MethodDemos\output\groundtruth\TUW-203924.pdf"")";"=HYPERLINK(""D:\Java\git\MethodDemosGit\MethodDemos\output\result\result-TUW-TUW-203924-xstream.xml"")";"=HYPERLINK(""D:\Java\git\MethodDemosGit\MethodDemos\output\extracted\grobid\grobid-TUW-203924-xstream.xml"")";"genomic medicine
decision support
interoperability
ontology
Arden Syntax";"genomic medicine
decision support
interoperability
ontology
Arden Syntax";"1,00";"1,00";"1,00"
"TUW-204724";"=HYPERLINK(""D:\Java\git\MethodDemosGit\MethodDemos\output\groundtruth\TUW-204724.pdf"")";"=HYPERLINK(""D:\Java\git\MethodDemosGit\MethodDemos\output\result\result-TUW-TUW-204724-xstream.xml"")";"=HYPERLINK(""D:\Java\git\MethodDemosGit\MethodDemos\output\extracted\grobid\grobid-TUW-204724-xstream.xml"")";"intellectual capital
strategic knowledge management";"";"none extracted value";"0,00";"0,00"
"TUW-205557";"=HYPERLINK(""D:\Java\git\MethodDemosGit\MethodDemos\output\groundtruth\TUW-205557.pdf"")";"=HYPERLINK(""D:\Java\git\MethodDemosGit\MethodDemos\output\result\result-TUW-TUW-205557-xstream.xml"")";"=HYPERLINK(""D:\Java\git\MethodDemosGit\MethodDemos\output\extracted\grobid\grobid-TUW-205557-xstream.xml"")";"";"";"none extracted value";"none expected";"NA"
"TUW-205933";"=HYPERLINK(""D:\Java\git\MethodDemosGit\MethodDemos\output\groundtruth\TUW-205933.pdf"")";"=HYPERLINK(""D:\Java\git\MethodDemosGit\MethodDemos\output\result\result-TUW-TUW-205933-xstream.xml"")";"=HYPERLINK(""D:\Java\git\MethodDemosGit\MethodDemos\output\extracted\grobid\grobid-TUW-205933-xstream.xml"")";"Unified Theory of Information
Ways of Thinking
Difference
Variety
Negentropy
Semiosis
Indeterminacy
Reflection";"Unified Theory of Information
Ways of Thinking
Difference
Variety
Negentropy
Semiosis
Indeterminacy
Reflection";"1,00";"1,00";"1,00"
"TUW-213513";"=HYPERLINK(""D:\Java\git\MethodDemosGit\MethodDemos\output\groundtruth\TUW-213513.pdf"")";"=HYPERLINK(""D:\Java\git\MethodDemosGit\MethodDemos\output\result\result-TUW-TUW-213513-xstream.xml"")";"=HYPERLINK(""D:\Java\git\MethodDemosGit\MethodDemos\output\extracted\grobid\grobid-TUW-213513-xstream.xml"")";"";"";"none extracted value";"none expected";"NA"
"TUW-216744";"=HYPERLINK(""D:\Java\git\MethodDemosGit\MethodDemos\output\groundtruth\TUW-216744.pdf"")";"=HYPERLINK(""D:\Java\git\MethodDemosGit\MethodDemos\output\result\result-TUW-TUW-216744-xstream.xml"")";"=HYPERLINK(""D:\Java\git\MethodDemosGit\MethodDemos\output\extracted\grobid\grobid-TUW-216744-xstream.xml"")";"Medical Practice
Information Retrieval
Semantic Technologies
Decision Support
Multilinguality";"Medical Practice
Information Retrieval
Semantic Technologies
Decision Support
Multilinguality";"1,00";"1,00";"1,00"
"TUW-217690";"=HYPERLINK(""D:\Java\git\MethodDemosGit\MethodDemos\output\groundtruth\TUW-217690.pdf"")";"=HYPERLINK(""D:\Java\git\MethodDemosGit\MethodDemos\output\result\result-TUW-TUW-217690-xstream.xml"")";"=HYPERLINK(""D:\Java\git\MethodDemosGit\MethodDemos\output\extracted\grobid\grobid-TUW-217690-xstream.xml"")";"Tracking
and mapping
augmented
and virtual realities";"";"none extracted value";"0,00";"0,00"
"TUW-217971";"=HYPERLINK(""D:\Java\git\MethodDemosGit\MethodDemos\output\groundtruth\TUW-217971.pdf"")";"=HYPERLINK(""D:\Java\git\MethodDemosGit\MethodDemos\output\result\result-TUW-TUW-217971-xstream.xml"")";"=HYPERLINK(""D:\Java\git\MethodDemosGit\MethodDemos\output\extracted\grobid\grobid-TUW-217971-xstream.xml"")";"";"";"none extracted value";"none expected";"NA"
"TUW-221215";"=HYPERLINK(""D:\Java\git\MethodDemosGit\MethodDemos\output\groundtruth\TUW-221215.pdf"")";"=HYPERLINK(""D:\Java\git\MethodDemosGit\MethodDemos\output\result\result-TUW-TUW-221215-xstream.xml"")";"=HYPERLINK(""D:\Java\git\MethodDemosGit\MethodDemos\output\extracted\grobid\grobid-TUW-221215-xstream.xml"")";"";"";"none extracted value";"none expected";"NA"
"TUW-223906";"=HYPERLINK(""D:\Java\git\MethodDemosGit\MethodDemos\output\groundtruth\TUW-223906.pdf"")";"=HYPERLINK(""D:\Java\git\MethodDemosGit\MethodDemos\output\result\result-TUW-TUW-223906-xstream.xml"")";"=HYPERLINK(""D:\Java\git\MethodDemosGit\MethodDemos\output\extracted\grobid\grobid-TUW-223906-xstream.xml"")";"";"";"none extracted value";"none expected";"NA"
"TUW-223973";"=HYPERLINK(""D:\Java\git\MethodDemosGit\MethodDemos\output\groundtruth\TUW-223973.pdf"")";"=HYPERLINK(""D:\Java\git\MethodDemosGit\MethodDemos\output\result\result-TUW-TUW-223973-xstream.xml"")";"=HYPERLINK(""D:\Java\git\MethodDemosGit\MethodDemos\output\extracted\grobid\grobid-TUW-223973-xstream.xml"")";"computer-interpretable clinical guidelines
medical guideline formalization
Many-Headed Bridge (MHB)
UMLS
Information Extraction (IE)";"computer-interpretable clinical guidelines
medical guide-line formalization
Many-Headed Bridge (MHB)
UMLS
Information Extraction (IE)";"0,80";"0,80";"0,80"
"TUW-225252";"=HYPERLINK(""D:\Java\git\MethodDemosGit\MethodDemos\output\groundtruth\TUW-225252.pdf"")";"=HYPERLINK(""D:\Java\git\MethodDemosGit\MethodDemos\output\result\result-TUW-TUW-225252-xstream.xml"")";"=HYPERLINK(""D:\Java\git\MethodDemosGit\MethodDemos\output\extracted\grobid\grobid-TUW-225252-xstream.xml"")";"";"";"none extracted value";"none expected";"NA"
"TUW-226000";"=HYPERLINK(""D:\Java\git\MethodDemosGit\MethodDemos\output\groundtruth\TUW-226000.pdf"")";"=HYPERLINK(""D:\Java\git\MethodDemosGit\MethodDemos\output\result\result-TUW-TUW-226000-xstream.xml"")";"=HYPERLINK(""D:\Java\git\MethodDemosGit\MethodDemos\output\extracted\grobid\grobid-TUW-226000-xstream.xml"")";"Ambient Assisted Living
Human-Computer Interaction
User Description Languages
Comparison
Adaptability
User Preferences";"Ambient Assisted Living
Human-Computer Interaction
User Description Languages
Comparison
Adaptability
User Preferences";"1,00";"1,00";"1,00"
"TUW-226016";"=HYPERLINK(""D:\Java\git\MethodDemosGit\MethodDemos\output\groundtruth\TUW-226016.pdf"")";"=HYPERLINK(""D:\Java\git\MethodDemosGit\MethodDemos\output\result\result-TUW-TUW-226016-xstream.xml"")";"=HYPERLINK(""D:\Java\git\MethodDemosGit\MethodDemos\output\extracted\grobid\grobid-TUW-226016-xstream.xml"")";"";"";"none extracted value";"none expected";"NA"
"TUW-228620";"=HYPERLINK(""D:\Java\git\MethodDemosGit\MethodDemos\output\groundtruth\TUW-228620.pdf"")";"=HYPERLINK(""D:\Java\git\MethodDemosGit\MethodDemos\output\result\result-TUW-TUW-228620-xstream.xml"")";"=HYPERLINK(""D:\Java\git\MethodDemosGit\MethodDemos\output\extracted\grobid\grobid-TUW-228620-xstream.xml"")";"Business networking
Resilience
Information exchange
Security
Privacy
Enforcement";"";"none extracted value";"0,00";"0,00"
"TUW-231707";"=HYPERLINK(""D:\Java\git\MethodDemosGit\MethodDemos\output\groundtruth\TUW-231707.pdf"")";"=HYPERLINK(""D:\Java\git\MethodDemosGit\MethodDemos\output\result\result-TUW-TUW-231707-xstream.xml"")";"=HYPERLINK(""D:\Java\git\MethodDemosGit\MethodDemos\output\extracted\grobid\grobid-TUW-231707-xstream.xml"")";"";"";"none extracted value";"none expected";"NA"
"TUW-233317";"=HYPERLINK(""D:\Java\git\MethodDemosGit\MethodDemos\output\groundtruth\TUW-233317.pdf"")";"=HYPERLINK(""D:\Java\git\MethodDemosGit\MethodDemos\output\result\result-TUW-TUW-233317-xstream.xml"")";"=HYPERLINK(""D:\Java\git\MethodDemosGit\MethodDemos\output\extracted\grobid\grobid-TUW-233317-xstream.xml"")";"data provenance
analytic provenance
sensemaking
data quality
quality metrics
visual data analysis";"data provenance
analytic provenance
sensemaking
data quality
quality metrics
visual data analysis Index Terms: Human-centered Computing [Visualization]: Vi-sualization application domains-Visual Analytics Mathematics of computing [Probability and statistics]: Statistical paradigms-Exploratory data analysis";"0,83";"0,83";"0,83"
"TUW-233657";"=HYPERLINK(""D:\Java\git\MethodDemosGit\MethodDemos\output\groundtruth\TUW-233657.pdf"")";"=HYPERLINK(""D:\Java\git\MethodDemosGit\MethodDemos\output\result\result-TUW-TUW-233657-xstream.xml"")";"=HYPERLINK(""D:\Java\git\MethodDemosGit\MethodDemos\output\extracted\grobid\grobid-TUW-233657-xstream.xml"")";"Information Visualization
Visual Analytics
Science Fiction";"Index Terms-Information Visualization
Visual Analytics
Science Fiction";"0,67";"0,67";"0,67"
"TUW-236063";"=HYPERLINK(""D:\Java\git\MethodDemosGit\MethodDemos\output\groundtruth\TUW-236063.pdf"")";"=HYPERLINK(""D:\Java\git\MethodDemosGit\MethodDemos\output\result\result-TUW-TUW-236063-xstream.xml"")";"=HYPERLINK(""D:\Java\git\MethodDemosGit\MethodDemos\output\extracted\grobid\grobid-TUW-236063-xstream.xml"")";"";"";"none extracted value";"none expected";"NA"
"TUW-236120";"=HYPERLINK(""D:\Java\git\MethodDemosGit\MethodDemos\output\groundtruth\TUW-236120.pdf"")";"=HYPERLINK(""D:\Java\git\MethodDemosGit\MethodDemos\output\result\result-TUW-TUW-236120-xstream.xml"")";"=HYPERLINK(""D:\Java\git\MethodDemosGit\MethodDemos\output\extracted\grobid\grobid-TUW-236120-xstream.xml"")";"vocational schools
competence orientation
educational standards
technical high school
secondary education";"";"none extracted value";"0,00";"0,00"
"TUW-237297";"=HYPERLINK(""D:\Java\git\MethodDemosGit\MethodDemos\output\groundtruth\TUW-237297.pdf"")";"=HYPERLINK(""D:\Java\git\MethodDemosGit\MethodDemos\output\result\result-TUW-TUW-237297-xstream.xml"")";"=HYPERLINK(""D:\Java\git\MethodDemosGit\MethodDemos\output\extracted\grobid\grobid-TUW-237297-xstream.xml"")";"E-Learning
learners’ requirements
higher education
self-regulated learning";"E-Learning
learners' requirements
higher education
self-regulated learning";"0,75";"0,75";"0,75"
"TUW-240858";"=HYPERLINK(""D:\Java\git\MethodDemosGit\MethodDemos\output\groundtruth\TUW-240858.pdf"")";"=HYPERLINK(""D:\Java\git\MethodDemosGit\MethodDemos\output\result\result-TUW-TUW-240858-xstream.xml"")";"=HYPERLINK(""D:\Java\git\MethodDemosGit\MethodDemos\output\extracted\grobid\grobid-TUW-240858-xstream.xml"")";"";"";"none extracted value";"none expected";"NA"
"TUW-245336";"=HYPERLINK(""D:\Java\git\MethodDemosGit\MethodDemos\output\groundtruth\TUW-245336.pdf"")";"=HYPERLINK(""D:\Java\git\MethodDemosGit\MethodDemos\output\result\result-TUW-TUW-245336-xstream.xml"")";"=HYPERLINK(""D:\Java\git\MethodDemosGit\MethodDemos\output\extracted\grobid\grobid-TUW-245336-xstream.xml"")";"";"";"none extracted value";"none expected";"NA"
"TUW-245799";"=HYPERLINK(""D:\Java\git\MethodDemosGit\MethodDemos\output\groundtruth\TUW-245799.pdf"")";"=HYPERLINK(""D:\Java\git\MethodDemosGit\MethodDemos\output\result\result-TUW-TUW-245799-xstream.xml"")";"=HYPERLINK(""D:\Java\git\MethodDemosGit\MethodDemos\output\extracted\grobid\grobid-TUW-245799-xstream.xml"")";"(CTC)
Model Based Diagnosis
logic relations
fuzzy logic";"(CTC)
Model Based Diagnosis
logic relations
fuzzy logic";"1,00";"1,00";"1,00"
"TUW-247301";"=HYPERLINK(""D:\Java\git\MethodDemosGit\MethodDemos\output\groundtruth\TUW-247301.pdf"")";"=HYPERLINK(""D:\Java\git\MethodDemosGit\MethodDemos\output\result\result-TUW-TUW-247301-xstream.xml"")";"=HYPERLINK(""D:\Java\git\MethodDemosGit\MethodDemos\output\extracted\grobid\grobid-TUW-247301-xstream.xml"")";"";"";"none extracted value";"none expected";"NA"
"TUW-247741";"=HYPERLINK(""D:\Java\git\MethodDemosGit\MethodDemos\output\groundtruth\TUW-247741.pdf"")";"=HYPERLINK(""D:\Java\git\MethodDemosGit\MethodDemos\output\result\result-TUW-TUW-247741-xstream.xml"")";"=HYPERLINK(""D:\Java\git\MethodDemosGit\MethodDemos\output\extracted\grobid\grobid-TUW-247741-xstream.xml"")";"image segmentation
evaluation metrics
selection";"Index Terms-image segmentation
evaluation met-rics
selection";"0,33";"0,33";"0,33"
"TUW-247743";"=HYPERLINK(""D:\Java\git\MethodDemosGit\MethodDemos\output\groundtruth\TUW-247743.pdf"")";"=HYPERLINK(""D:\Java\git\MethodDemosGit\MethodDemos\output\result\result-TUW-TUW-247743-xstream.xml"")";"=HYPERLINK(""D:\Java\git\MethodDemosGit\MethodDemos\output\extracted\grobid\grobid-TUW-247743-xstream.xml"")";"";"";"none extracted value";"none expected";"NA"
"TUW-251544";"=HYPERLINK(""D:\Java\git\MethodDemosGit\MethodDemos\output\groundtruth\TUW-251544.pdf"")";"=HYPERLINK(""D:\Java\git\MethodDemosGit\MethodDemos\output\result\result-TUW-TUW-251544-xstream.xml"")";"=HYPERLINK(""D:\Java\git\MethodDemosGit\MethodDemos\output\extracted\grobid\grobid-TUW-251544-xstream.xml"")";"Informatik
Informatisches Denken
Computational Thinking
Primarstufe
Computer Science Unplugged
Biber der Informatik";"Informatik
Informatisches Denken
Computational Thinking
Primarstufe
Computer Science Unplugged
Biber der Informatik";"1,00";"1,00";"1,00"
"TUW-252847";"=HYPERLINK(""D:\Java\git\MethodDemosGit\MethodDemos\output\groundtruth\TUW-252847.pdf"")";"=HYPERLINK(""D:\Java\git\MethodDemosGit\MethodDemos\output\result\result-TUW-TUW-252847-xstream.xml"")";"=HYPERLINK(""D:\Java\git\MethodDemosGit\MethodDemos\output\extracted\grobid\grobid-TUW-252847-xstream.xml"")";"";"";"none extracted value";"none expected";"NA"
"TUW-255712";"=HYPERLINK(""D:\Java\git\MethodDemosGit\MethodDemos\output\groundtruth\TUW-255712.pdf"")";"=HYPERLINK(""D:\Java\git\MethodDemosGit\MethodDemos\output\result\result-TUW-TUW-255712-xstream.xml"")";"=HYPERLINK(""D:\Java\git\MethodDemosGit\MethodDemos\output\extracted\grobid\grobid-TUW-255712-xstream.xml"")";"";"";"none extracted value";"none expected";"NA"
"TUW-256654";"=HYPERLINK(""D:\Java\git\MethodDemosGit\MethodDemos\output\groundtruth\TUW-256654.pdf"")";"=HYPERLINK(""D:\Java\git\MethodDemosGit\MethodDemos\output\result\result-TUW-TUW-256654-xstream.xml"")";"=HYPERLINK(""D:\Java\git\MethodDemosGit\MethodDemos\output\extracted\grobid\grobid-TUW-256654-xstream.xml"")";"";"";"none extracted value";"none expected";"NA"
"TUW-257397";"=HYPERLINK(""D:\Java\git\MethodDemosGit\MethodDemos\output\groundtruth\TUW-257397.pdf"")";"=HYPERLINK(""D:\Java\git\MethodDemosGit\MethodDemos\output\result\result-TUW-TUW-257397-xstream.xml"")";"=HYPERLINK(""D:\Java\git\MethodDemosGit\MethodDemos\output\extracted\grobid\grobid-TUW-257397-xstream.xml"")";"";"";"none extracted value";"none expected";"NA"
"TUW-257870";"=HYPERLINK(""D:\Java\git\MethodDemosGit\MethodDemos\output\groundtruth\TUW-257870.pdf"")";"=HYPERLINK(""D:\Java\git\MethodDemosGit\MethodDemos\output\result\result-TUW-TUW-257870-xstream.xml"")";"=HYPERLINK(""D:\Java\git\MethodDemosGit\MethodDemos\output\extracted\grobid\grobid-TUW-257870-xstream.xml"")";"Telecare
AAL
User-Centered Design
Older People";"Author Keywords Telecare
AAL
User-Centered Design
Older People ACM Classification Keywords D31 Requirements Elicitation Methods H52 User-Centered Design";"0,50";"0,50";"0,50"
