path;PDF;original;extracted;PublicationType;TITLE;ABSTRACT;ABSTRACTGERMAN;KEYWORDS;AUTHORS;EMAILS;AUTHOR_EMAILS;AFFILIATIONS;AUTHOR_AFFILIATIONS;SOURCE;VOLUME;ISSUE;PAGE_FROM;PAGE_TO;YEAR;DOI;SECTIONS;SECTION_LEVELS;SECTION_REFERENCES;REFERENCES;Precision;Recall;F1
TUW-137078;=HYPERLINK("D:\Java\git\MethodDemosGit\MethodDemos\output\groundtruth\TUW-137078.pdf");=HYPERLINK("D:\Java\git\MethodDemosGit\MethodDemos\output\result\result-TUW-137078-xstream.xml");=HYPERLINK("D:\Java\git\MethodDemosGit\MethodDemos\output\extracted\cermine\cermine-TUW-137078-xstream.xml");BEITRAEGE_AUS_TAGUNGSBAENDEN;100,00;100,00;NA;0;66,67;66,67;66,67;100,00;66,67;NA;NA;NA;NA;NA;NA;NA;66,67;NA;,00;100,00;79,55;66,00;66,67
TUW-138011;=HYPERLINK("D:\Java\git\MethodDemosGit\MethodDemos\output\groundtruth\TUW-138011.pdf");=HYPERLINK("D:\Java\git\MethodDemosGit\MethodDemos\output\result\result-TUW-138011-xstream.xml");=HYPERLINK("D:\Java\git\MethodDemosGit\MethodDemos\output\extracted\cermine\cermine-TUW-138011-xstream.xml");BEITRAEGE_AUS_TAGUNGSBAENDEN;100,00;100,00;NA;NA;100,00;50,00;50,00;100,00;100,00;NA;NA;NA;NA;NA;NA;NA;100,00;0;100,00;100,00;86,67;90,91;81,82
TUW-138447;=HYPERLINK("D:\Java\git\MethodDemosGit\MethodDemos\output\groundtruth\TUW-138447.pdf");=HYPERLINK("D:\Java\git\MethodDemosGit\MethodDemos\output\result\result-TUW-138447-xstream.xml");=HYPERLINK("D:\Java\git\MethodDemosGit\MethodDemos\output\extracted\cermine\cermine-TUW-138447-xstream.xml");ZEITSCHRIFTENARTIKEL;,00;100,00;NA;0;,00;NA;NA;0;0;0;0;0;0;0;NA;NA;94,12;96,77;0;0;27,27;31,40;19,39
TUW-138544;=HYPERLINK("D:\Java\git\MethodDemosGit\MethodDemos\output\groundtruth\TUW-138544.pdf");=HYPERLINK("D:\Java\git\MethodDemosGit\MethodDemos\output\result\result-TUW-138544-xstream.xml");=HYPERLINK("D:\Java\git\MethodDemosGit\MethodDemos\output\extracted\cermine\cermine-TUW-138544-xstream.xml");BEITRAEGE_AUS_TAGUNGSBAENDEN;100,00;100,00;NA;NA;0;0;0;100,00;0;NA;NA;NA;NA;NA;NA;NA;96,55;60,00;100,00;100,00;99,05;58,44;59,69
TUW-138547;=HYPERLINK("D:\Java\git\MethodDemosGit\MethodDemos\output\groundtruth\TUW-138547.pdf");=HYPERLINK("D:\Java\git\MethodDemosGit\MethodDemos\output\result\result-TUW-138547-xstream.xml");=HYPERLINK("D:\Java\git\MethodDemosGit\MethodDemos\output\extracted\cermine\cermine-TUW-138547-xstream.xml");BEITRAEGE_AUS_TAGUNGSBAENDEN;100,00;100,00;NA;NA;100,00;100,00;100,00;,00;,00;NA;NA;NA;NA;NA;NA;NA;78,57;0;50,00;100,00;72,86;66,23;66,23
TUW-139299;=HYPERLINK("D:\Java\git\MethodDemosGit\MethodDemos\output\groundtruth\TUW-139299.pdf");=HYPERLINK("D:\Java\git\MethodDemosGit\MethodDemos\output\result\result-TUW-139299-xstream.xml");=HYPERLINK("D:\Java\git\MethodDemosGit\MethodDemos\output\extracted\cermine\cermine-TUW-139299-xstream.xml");ZEITSCHRIFTENARTIKEL;100,00;100,00;NA;NA;100,00;NA;NA;NA;NA;0;0;0;NA;NA;100,00;NA;66,67;0;,00;100,00;56,67;70,83;51,52
TUW-139761;=HYPERLINK("D:\Java\git\MethodDemosGit\MethodDemos\output\groundtruth\TUW-139761.pdf");=HYPERLINK("D:\Java\git\MethodDemosGit\MethodDemos\output\result\result-TUW-139761-xstream.xml");=HYPERLINK("D:\Java\git\MethodDemosGit\MethodDemos\output\extracted\cermine\cermine-TUW-139761-xstream.xml");DIPLOM_UND_MASTERARBEITEN;100,00;,00;0;NA;66,67;NA;NA;,00;,00;NA;NA;NA;0;0;NA;NA;,00;0;0;5,71;27,78;20,29;14,37
TUW-139769;=HYPERLINK("D:\Java\git\MethodDemosGit\MethodDemos\output\groundtruth\TUW-139769.pdf");=HYPERLINK("D:\Java\git\MethodDemosGit\MethodDemos\output\result\result-TUW-139769-xstream.xml");=HYPERLINK("D:\Java\git\MethodDemosGit\MethodDemos\output\extracted\cermine\cermine-TUW-139769-xstream.xml");DIPLOM_UND_MASTERARBEITEN;100,00;0;0;NA;,00;NA;NA;,00;,00;0;0;0;0;0;NA;NA;,00;0;0;17,39;18,18;10,95;7,83
TUW-139781;=HYPERLINK("D:\Java\git\MethodDemosGit\MethodDemos\output\groundtruth\TUW-139781.pdf");=HYPERLINK("D:\Java\git\MethodDemosGit\MethodDemos\output\result\result-TUW-139781-xstream.xml");=HYPERLINK("D:\Java\git\MethodDemosGit\MethodDemos\output\extracted\cermine\cermine-TUW-139781-xstream.xml");BEITRAEGE_AUS_TAGUNGSBAENDEN;100,00;0;NA;NA;66,67;NA;NA;0;0;0;NA;NA;0;0;100,00;NA;100,00;0;100,00;100,00;62,96;56,67;43,59
TUW-139785;=HYPERLINK("D:\Java\git\MethodDemosGit\MethodDemos\output\groundtruth\TUW-139785.pdf");=HYPERLINK("D:\Java\git\MethodDemosGit\MethodDemos\output\result\result-TUW-139785-xstream.xml");=HYPERLINK("D:\Java\git\MethodDemosGit\MethodDemos\output\extracted\cermine\cermine-TUW-139785-xstream.xml");DIPLOM_UND_MASTERARBEITEN;100,00;0;0;NA;0;NA;NA;,00;0;NA;NA;NA;0;0;NA;NA;,00;0;0;54,84;33,33;13,78;12,90
TUW-140047;=HYPERLINK("D:\Java\git\MethodDemosGit\MethodDemos\output\groundtruth\TUW-140047.pdf");=HYPERLINK("D:\Java\git\MethodDemosGit\MethodDemos\output\result\result-TUW-140047-xstream.xml");=HYPERLINK("D:\Java\git\MethodDemosGit\MethodDemos\output\extracted\cermine\cermine-TUW-140047-xstream.xml");BEITRAEGE_AUS_TAGUNGSBAENDEN;100,00;100,00;NA;NA;,00;NA;NA;100,00;,00;NA;NA;NA;NA;NA;NA;NA;58,33;50,00;50,00;100,00;76,19;56,64;62,04
TUW-140048;=HYPERLINK("D:\Java\git\MethodDemosGit\MethodDemos\output\groundtruth\TUW-140048.pdf");=HYPERLINK("D:\Java\git\MethodDemosGit\MethodDemos\output\result\result-TUW-140048-xstream.xml");=HYPERLINK("D:\Java\git\MethodDemosGit\MethodDemos\output\extracted\cermine\cermine-TUW-140048-xstream.xml");BEITRAEGE_AUS_TAGUNGSBAENDEN;100,00;100,00;NA;NA;100,00;100,00;100,00;100,00;100,00;NA;NA;NA;NA;NA;NA;NA;57,14;13,33;0;92,86;98,67;77,01;78,48
TUW-140229;=HYPERLINK("D:\Java\git\MethodDemosGit\MethodDemos\output\groundtruth\TUW-140229.pdf");=HYPERLINK("D:\Java\git\MethodDemosGit\MethodDemos\output\result\result-TUW-140229-xstream.xml");=HYPERLINK("D:\Java\git\MethodDemosGit\MethodDemos\output\extracted\cermine\cermine-TUW-140229-xstream.xml");BEITRAEGE_AUS_TAGUNGSBAENDEN;100,00;100,00;NA;NA;100,00;100,00;100,00;50,00;50,00;NA;NA;NA;NA;NA;NA;NA;54,55;60,00;40,00;100,00;80,45;75,76;77,69
TUW-140253;=HYPERLINK("D:\Java\git\MethodDemosGit\MethodDemos\output\groundtruth\TUW-140253.pdf");=HYPERLINK("D:\Java\git\MethodDemosGit\MethodDemos\output\result\result-TUW-140253-xstream.xml");=HYPERLINK("D:\Java\git\MethodDemosGit\MethodDemos\output\extracted\cermine\cermine-TUW-140253-xstream.xml");BEITRAEGE_AUS_TAGUNGSBAENDEN;100,00;100,00;NA;100,00;100,00;100,00;100,00;,00;,00;NA;NA;NA;NA;NA;NA;NA;83,33;60,00;,00;100,00;75,00;67,86;70,28
TUW-140308;=HYPERLINK("D:\Java\git\MethodDemosGit\MethodDemos\output\groundtruth\TUW-140308.pdf");=HYPERLINK("D:\Java\git\MethodDemosGit\MethodDemos\output\result\result-TUW-140308-xstream.xml");=HYPERLINK("D:\Java\git\MethodDemosGit\MethodDemos\output\extracted\cermine\cermine-TUW-140308-xstream.xml");ZEITSCHRIFTENARTIKEL;100,00;100,00;NA;NA;100,00;100,00;100,00;100,00;100,00;NA;NA;NA;0;0;NA;NA;63,16;47,06;100,00;100,00;84,62;88,81;77,71
TUW-140533;=HYPERLINK("D:\Java\git\MethodDemosGit\MethodDemos\output\groundtruth\TUW-140533.pdf");=HYPERLINK("D:\Java\git\MethodDemosGit\MethodDemos\output\result\result-TUW-140533-xstream.xml");=HYPERLINK("D:\Java\git\MethodDemosGit\MethodDemos\output\extracted\cermine\cermine-TUW-140533-xstream.xml");DIPLOM_UND_MASTERARBEITEN;100,00;0;0;NA;,00;NA;NA;,00;,00;NA;NA;NA;0;0;100,00;NA;8,82;0;0;14,29;42,86;19,30;17,16
TUW-140867;=HYPERLINK("D:\Java\git\MethodDemosGit\MethodDemos\output\groundtruth\TUW-140867.pdf");=HYPERLINK("D:\Java\git\MethodDemosGit\MethodDemos\output\result\result-TUW-140867-xstream.xml");=HYPERLINK("D:\Java\git\MethodDemosGit\MethodDemos\output\extracted\cermine\cermine-TUW-140867-xstream.xml");BEITRAEGE_AUS_TAGUNGSBAENDEN;100,00;,00;NA;0;0;NA;NA;,00;0;NA;NA;NA;NA;NA;NA;NA;100,00;100,00;66,67;100,00;62,50;50,00;46,67
TUW-140895;=HYPERLINK("D:\Java\git\MethodDemosGit\MethodDemos\output\groundtruth\TUW-140895.pdf");=HYPERLINK("D:\Java\git\MethodDemosGit\MethodDemos\output\result\result-TUW-140895-xstream.xml");=HYPERLINK("D:\Java\git\MethodDemosGit\MethodDemos\output\extracted\cermine\cermine-TUW-140895-xstream.xml");DIPLOM_UND_MASTERARBEITEN;100,00;0;0;NA;,00;NA;NA;,00;,00;NA;NA;NA;0;0;100,00;NA;44,44;48,00;,00;37,21;43,18;26,00;25,36
TUW-140983;=HYPERLINK("D:\Java\git\MethodDemosGit\MethodDemos\output\groundtruth\TUW-140983.pdf");=HYPERLINK("D:\Java\git\MethodDemosGit\MethodDemos\output\result\result-TUW-140983-xstream.xml");=HYPERLINK("D:\Java\git\MethodDemosGit\MethodDemos\output\extracted\cermine\cermine-TUW-140983-xstream.xml");BEITRAEGE_AUS_TAGUNGSBAENDEN;100,00;,00;NA;NA;40,00;0;0;40,00;25,00;NA;NA;NA;NA;NA;NA;NA;100,00;100,00;100,00;100,00;67,04;56,06;55,00
TUW-141024;=HYPERLINK("D:\Java\git\MethodDemosGit\MethodDemos\output\groundtruth\TUW-141024.pdf");=HYPERLINK("D:\Java\git\MethodDemosGit\MethodDemos\output\result\result-TUW-141024-xstream.xml");=HYPERLINK("D:\Java\git\MethodDemosGit\MethodDemos\output\extracted\cermine\cermine-TUW-141024-xstream.xml");BEITRAEGE_AUS_TAGUNGSBAENDEN;100,00;100,00;NA;NA;0;NA;NA;100,00;0;NA;NA;NA;NA;NA;NA;NA;80,00;85,71;75,00;100,00;97,96;67,78;71,19
TUW-141065;=HYPERLINK("D:\Java\git\MethodDemosGit\MethodDemos\output\groundtruth\TUW-141065.pdf");=HYPERLINK("D:\Java\git\MethodDemosGit\MethodDemos\output\result\result-TUW-141065-xstream.xml");=HYPERLINK("D:\Java\git\MethodDemosGit\MethodDemos\output\extracted\cermine\cermine-TUW-141065-xstream.xml");BEITRAEGE_AUS_TAGUNGSBAENDEN;100,00;100,00;NA;NA;100,00;100,00;100,00;100,00;100,00;NA;NA;NA;NA;NA;NA;NA;73,68;73,68;66,67;100,00;100,00;87,88;92,19
TUW-141121;=HYPERLINK("D:\Java\git\MethodDemosGit\MethodDemos\output\groundtruth\TUW-141121.pdf");=HYPERLINK("D:\Java\git\MethodDemosGit\MethodDemos\output\result\result-TUW-141121-xstream.xml");=HYPERLINK("D:\Java\git\MethodDemosGit\MethodDemos\output\extracted\cermine\cermine-TUW-141121-xstream.xml");BEITRAEGE_AUS_TAGUNGSBAENDEN;100,00;100,00;NA;NA;66,67;0;0;100,00;66,67;NA;NA;NA;NA;NA;NA;NA;54,55;0;66,67;100,00;84,38;62,99;59,50
TUW-141140;=HYPERLINK("D:\Java\git\MethodDemosGit\MethodDemos\output\groundtruth\TUW-141140.pdf");=HYPERLINK("D:\Java\git\MethodDemosGit\MethodDemos\output\result\result-TUW-141140-xstream.xml");=HYPERLINK("D:\Java\git\MethodDemosGit\MethodDemos\output\extracted\cermine\cermine-TUW-141140-xstream.xml");BEITRAEGE_AUS_TAGUNGSBAENDEN;100,00;100,00;NA;NA;100,00;NA;NA;83,33;80,00;NA;NA;NA;NA;NA;NA;NA;50,00;0;66,67;100,00;88,75;74,04;75,56
TUW-141336;=HYPERLINK("D:\Java\git\MethodDemosGit\MethodDemos\output\groundtruth\TUW-141336.pdf");=HYPERLINK("D:\Java\git\MethodDemosGit\MethodDemos\output\result\result-TUW-141336-xstream.xml");=HYPERLINK("D:\Java\git\MethodDemosGit\MethodDemos\output\extracted\cermine\cermine-TUW-141336-xstream.xml");ZEITSCHRIFTENARTIKEL;100,00;100,00;NA;NA;,00;50,00;,00;,00;,00;0;0;0;0;0;NA;NA;40,00;30,77;50,00;100,00;43,75;37,26;29,42
TUW-141618;=HYPERLINK("D:\Java\git\MethodDemosGit\MethodDemos\output\groundtruth\TUW-141618.pdf");=HYPERLINK("D:\Java\git\MethodDemosGit\MethodDemos\output\result\result-TUW-141618-xstream.xml");=HYPERLINK("D:\Java\git\MethodDemosGit\MethodDemos\output\extracted\cermine\cermine-TUW-141618-xstream.xml");BUCHBEITRAEGE;,00;100,00;NA;NA;0;NA;NA;0;0;NA;NA;NA;NA;NA;NA;NA;80,00;88,89;,00;82,54;63,33;36,70;39,05
TUW-141758;=HYPERLINK("D:\Java\git\MethodDemosGit\MethodDemos\output\groundtruth\TUW-141758.pdf");=HYPERLINK("D:\Java\git\MethodDemosGit\MethodDemos\output\result\result-TUW-141758-xstream.xml");=HYPERLINK("D:\Java\git\MethodDemosGit\MethodDemos\output\extracted\cermine\cermine-TUW-141758-xstream.xml");DIPLOM_UND_MASTERARBEITEN;100,00;,00;0;NA;0;NA;NA;66,67;0;NA;NA;NA;0;0;100,00;NA;,00;0;,00;94,62;38,89;35,44;27,79
TUW-168222;=HYPERLINK("D:\Java\git\MethodDemosGit\MethodDemos\output\groundtruth\TUW-168222.pdf");=HYPERLINK("D:\Java\git\MethodDemosGit\MethodDemos\output\result\result-TUW-168222-xstream.xml");=HYPERLINK("D:\Java\git\MethodDemosGit\MethodDemos\output\extracted\cermine\cermine-TUW-168222-xstream.xml");BEITRAEGE_AUS_TAGUNGSBAENDEN;100,00;100,00;NA;NA;0;0;0;100,00;0;NA;NA;NA;NA;NA;NA;NA;25,00;0;,00;100,00;70,83;38,64;38,64
TUW-168482;=HYPERLINK("D:\Java\git\MethodDemosGit\MethodDemos\output\groundtruth\TUW-168482.pdf");=HYPERLINK("D:\Java\git\MethodDemosGit\MethodDemos\output\result\result-TUW-168482-xstream.xml");=HYPERLINK("D:\Java\git\MethodDemosGit\MethodDemos\output\extracted\cermine\cermine-TUW-168482-xstream.xml");DIPLOM_UND_MASTERARBEITEN;100,00;,00;0;NA;,00;NA;NA;,00;,00;NA;0;NA;0;0;100,00;NA;,00;0;0;0;20,00;18,18;14,29
TUW-169511;=HYPERLINK("D:\Java\git\MethodDemosGit\MethodDemos\output\groundtruth\TUW-169511.pdf");=HYPERLINK("D:\Java\git\MethodDemosGit\MethodDemos\output\result\result-TUW-169511-xstream.xml");=HYPERLINK("D:\Java\git\MethodDemosGit\MethodDemos\output\extracted\cermine\cermine-TUW-169511-xstream.xml");BEITRAEGE_AUS_TAGUNGSBAENDEN;100,00;NA;NA;NA;100,00;80,00;80,00;66,67;75,00;NA;NA;NA;NA;NA;NA;NA;88,89;100,00;100,00;100,00;87,50;92,17;89,06
TUW-172697;=HYPERLINK("D:\Java\git\MethodDemosGit\MethodDemos\output\groundtruth\TUW-172697.pdf");=HYPERLINK("D:\Java\git\MethodDemosGit\MethodDemos\output\result\result-TUW-172697-xstream.xml");=HYPERLINK("D:\Java\git\MethodDemosGit\MethodDemos\output\extracted\cermine\cermine-TUW-172697-xstream.xml");BEITRAEGE_AUS_TAGUNGSBAENDEN;,00;100,00;NA;0;100,00;NA;NA;100,00;100,00;0;0;0;NA;NA;NA;NA;100,00;NA;0;0;55,56;55,56;41,67
TUW-174216;=HYPERLINK("D:\Java\git\MethodDemosGit\MethodDemos\output\groundtruth\TUW-174216.pdf");=HYPERLINK("D:\Java\git\MethodDemosGit\MethodDemos\output\result\result-TUW-174216-xstream.xml");=HYPERLINK("D:\Java\git\MethodDemosGit\MethodDemos\output\extracted\cermine\cermine-TUW-174216-xstream.xml");ZEITSCHRIFTENARTIKEL;100,00;100,00;NA;0;57,14;0;0;100,00;44,44;,00;,00;,00;100,00;100,00;100,00;NA;82,35;0;0;100,00;63,33;53,13;49,11
TUW-175428;=HYPERLINK("D:\Java\git\MethodDemosGit\MethodDemos\output\groundtruth\TUW-175428.pdf");=HYPERLINK("D:\Java\git\MethodDemosGit\MethodDemos\output\result\result-TUW-175428-xstream.xml");=HYPERLINK("D:\Java\git\MethodDemosGit\MethodDemos\output\extracted\cermine\cermine-TUW-175428-xstream.xml");DIPLOM_UND_MASTERARBEITEN;,00;,00;0;0;,00;NA;NA;,00;,00;0;0;0;0;0;100,00;NA;14,81;12,77;,00;81,25;17,90;16,82;12,28
TUW-176087;=HYPERLINK("D:\Java\git\MethodDemosGit\MethodDemos\output\groundtruth\TUW-176087.pdf");=HYPERLINK("D:\Java\git\MethodDemosGit\MethodDemos\output\result\result-TUW-176087-xstream.xml");=HYPERLINK("D:\Java\git\MethodDemosGit\MethodDemos\output\extracted\cermine\cermine-TUW-176087-xstream.xml");BUCHBEITRAEGE;100,00;100,00;NA;85,71;100,00;0;0;83,33;83,33;NA;NA;NA;NA;NA;NA;NA;85,71;80,00;66,67;92,86;94,17;70,42;73,13
TUW-177140;=HYPERLINK("D:\Java\git\MethodDemosGit\MethodDemos\output\groundtruth\TUW-177140.pdf");=HYPERLINK("D:\Java\git\MethodDemosGit\MethodDemos\output\result\result-TUW-177140-xstream.xml");=HYPERLINK("D:\Java\git\MethodDemosGit\MethodDemos\output\extracted\cermine\cermine-TUW-177140-xstream.xml");BEITRAEGE_AUS_TAGUNGSBAENDEN;100,00;,00;NA;NA;100,00;66,67;66,67;,00;,00;NA;NA;NA;NA;NA;NA;NA;66,67;0;66,67;100,00;55,00;56,36;51,52
TUW-179146;=HYPERLINK("D:\Java\git\MethodDemosGit\MethodDemos\output\groundtruth\TUW-179146.pdf");=HYPERLINK("D:\Java\git\MethodDemosGit\MethodDemos\output\result\result-TUW-179146-xstream.xml");=HYPERLINK("D:\Java\git\MethodDemosGit\MethodDemos\output\extracted\cermine\cermine-TUW-179146-xstream.xml");BEITRAEGE_AUS_TAGUNGSBAENDEN;100,00;0;NA;NA;,00;0;0;100,00;,00;0;0;0;0;0;NA;NA;66,67;0;60,00;100,00;32,50;45,24;26,67
TUW-180162;=HYPERLINK("D:\Java\git\MethodDemosGit\MethodDemos\output\groundtruth\TUW-180162.pdf");=HYPERLINK("D:\Java\git\MethodDemosGit\MethodDemos\output\result\result-TUW-180162-xstream.xml");=HYPERLINK("D:\Java\git\MethodDemosGit\MethodDemos\output\extracted\cermine\cermine-TUW-180162-xstream.xml");BEITRAEGE_AUS_TAGUNGSBAENDEN;100,00;100,00;NA;NA;100,00;50,00;50,00;33,33;33,33;NA;NA;NA;NA;NA;NA;NA;52,17;0;33,33;100,00;73,33;65,63;59,29
TUW-181199;=HYPERLINK("D:\Java\git\MethodDemosGit\MethodDemos\output\groundtruth\TUW-181199.pdf");=HYPERLINK("D:\Java\git\MethodDemosGit\MethodDemos\output\result\result-TUW-181199-xstream.xml");=HYPERLINK("D:\Java\git\MethodDemosGit\MethodDemos\output\extracted\cermine\cermine-TUW-181199-xstream.xml");BEITRAEGE_AUS_TAGUNGSBAENDEN;100,00;100,00;NA;NA;80,00;33,33;33,33;,00;,00;NA;NA;NA;NA;NA;NA;NA;44,44;0;28,57;100,00;52,00;58,03;47,24
TUW-182414;=HYPERLINK("D:\Java\git\MethodDemosGit\MethodDemos\output\groundtruth\TUW-182414.pdf");=HYPERLINK("D:\Java\git\MethodDemosGit\MethodDemos\output\result\result-TUW-182414-xstream.xml");=HYPERLINK("D:\Java\git\MethodDemosGit\MethodDemos\output\extracted\cermine\cermine-TUW-182414-xstream.xml");ZEITSCHRIFTENARTIKEL;100,00;,00;NA;NA;80,00;100,00;100,00;,00;,00;NA;NA;NA;NA;NA;NA;NA;60,00;75,00;0;90,00;59,62;56,68;55,00
TUW-182899;=HYPERLINK("D:\Java\git\MethodDemosGit\MethodDemos\output\groundtruth\TUW-182899.pdf");=HYPERLINK("D:\Java\git\MethodDemosGit\MethodDemos\output\result\result-TUW-182899-xstream.xml");=HYPERLINK("D:\Java\git\MethodDemosGit\MethodDemos\output\extracted\cermine\cermine-TUW-182899-xstream.xml");ZEITSCHRIFTENARTIKEL;100,00;100,00;NA;NA;100,00;66,67;66,67;66,67;80,00;NA;NA;NA;NA;NA;NA;NA;33,33;8,70;,00;59,26;88,31;53,19;61,94
TUW-185321;=HYPERLINK("D:\Java\git\MethodDemosGit\MethodDemos\output\groundtruth\TUW-185321.pdf");=HYPERLINK("D:\Java\git\MethodDemosGit\MethodDemos\output\result\result-TUW-185321-xstream.xml");=HYPERLINK("D:\Java\git\MethodDemosGit\MethodDemos\output\extracted\cermine\cermine-TUW-185321-xstream.xml");BEITRAEGE_AUS_TAGUNGSBAENDEN;100,00;100,00;NA;NA;0;NA;NA;100,00;0;NA;NA;NA;NA;NA;NA;NA;100,00;NA;100,00;100,00;100,00;75,00;75,00
TUW-185441;=HYPERLINK("D:\Java\git\MethodDemosGit\MethodDemos\output\groundtruth\TUW-185441.pdf");=HYPERLINK("D:\Java\git\MethodDemosGit\MethodDemos\output\result\result-TUW-185441-xstream.xml");=HYPERLINK("D:\Java\git\MethodDemosGit\MethodDemos\output\extracted\cermine\cermine-TUW-185441-xstream.xml");BEITRAEGE_AUS_TAGUNGSBAENDEN;0;100,00;NA;NA;0;NA;NA;,00;0;NA;NA;NA;NA;NA;NA;NA;54,55;0;33,33;100,00;65,00;29,76;31,99
TUW-186227;=HYPERLINK("D:\Java\git\MethodDemosGit\MethodDemos\output\groundtruth\TUW-186227.pdf");=HYPERLINK("D:\Java\git\MethodDemosGit\MethodDemos\output\result\result-TUW-186227-xstream.xml");=HYPERLINK("D:\Java\git\MethodDemosGit\MethodDemos\output\extracted\cermine\cermine-TUW-186227-xstream.xml");BEITRAEGE_AUS_TAGUNGSBAENDEN;100,00;100,00;NA;NA;0;NA;NA;100,00;0;NA;NA;NA;NA;NA;NA;NA;66,67;0;66,67;100,00;100,00;55,56;59,26
TUW-189842;=HYPERLINK("D:\Java\git\MethodDemosGit\MethodDemos\output\groundtruth\TUW-189842.pdf");=HYPERLINK("D:\Java\git\MethodDemosGit\MethodDemos\output\result\result-TUW-189842-xstream.xml");=HYPERLINK("D:\Java\git\MethodDemosGit\MethodDemos\output\extracted\cermine\cermine-TUW-189842-xstream.xml");BEITRAEGE_AUS_TAGUNGSBAENDEN;,00;100,00;NA;66,67;8,70;,00;,00;26,67;8,70;0;0;0;NA;NA;NA;NA;88,89;NA;,00;40,00;28,84;29,92;24,26
TUW-191715;=HYPERLINK("D:\Java\git\MethodDemosGit\MethodDemos\output\groundtruth\TUW-191715.pdf");=HYPERLINK("D:\Java\git\MethodDemosGit\MethodDemos\output\result\result-TUW-191715-xstream.xml");=HYPERLINK("D:\Java\git\MethodDemosGit\MethodDemos\output\extracted\cermine\cermine-TUW-191715-xstream.xml");ZEITSCHRIFTENARTIKEL;100,00;100,00;NA;100,00;100,00;NA;NA;0;0;0;0;0;0;0;NA;NA;42,86;42,86;10,00;100,00;52,93;56,43;39,71
TUW-191977;=HYPERLINK("D:\Java\git\MethodDemosGit\MethodDemos\output\groundtruth\TUW-191977.pdf");=HYPERLINK("D:\Java\git\MethodDemosGit\MethodDemos\output\result\result-TUW-191977-xstream.xml");=HYPERLINK("D:\Java\git\MethodDemosGit\MethodDemos\output\extracted\cermine\cermine-TUW-191977-xstream.xml");BEITRAEGE_AUS_TAGUNGSBAENDEN;100,00;,00;NA;NA;100,00;100,00;100,00;100,00;100,00;NA;NA;NA;NA;NA;NA;NA;75,00;0;66,67;100,00;84,17;76,52;76,52
TUW-192724;=HYPERLINK("D:\Java\git\MethodDemosGit\MethodDemos\output\groundtruth\TUW-192724.pdf");=HYPERLINK("D:\Java\git\MethodDemosGit\MethodDemos\output\result\result-TUW-192724-xstream.xml");=HYPERLINK("D:\Java\git\MethodDemosGit\MethodDemos\output\extracted\cermine\cermine-TUW-192724-xstream.xml");BEITRAEGE_AUS_TAGUNGSBAENDEN;100,00;100,00;NA;100,00;100,00;66,67;66,67;80,00;80,00;NA;NA;NA;NA;NA;NA;NA;100,00;90,91;,00;100,00;91,67;76,39;82,02
TUW-194085;=HYPERLINK("D:\Java\git\MethodDemosGit\MethodDemos\output\groundtruth\TUW-194085.pdf");=HYPERLINK("D:\Java\git\MethodDemosGit\MethodDemos\output\result\result-TUW-194085-xstream.xml");=HYPERLINK("D:\Java\git\MethodDemosGit\MethodDemos\output\extracted\cermine\cermine-TUW-194085-xstream.xml");DIPLOM_UND_MASTERARBEITEN;100,00;,00;0;NA;,00;NA;NA;0;0;NA;NA;NA;0;0;100,00;NA;,00;0;0;28,57;37,50;19,70;17,58
TUW-194561;=HYPERLINK("D:\Java\git\MethodDemosGit\MethodDemos\output\groundtruth\TUW-194561.pdf");=HYPERLINK("D:\Java\git\MethodDemosGit\MethodDemos\output\result\result-TUW-194561-xstream.xml");=HYPERLINK("D:\Java\git\MethodDemosGit\MethodDemos\output\extracted\cermine\cermine-TUW-194561-xstream.xml");ZEITSCHRIFTENARTIKEL;100,00;100,00;NA;NA;100,00;0;0;100,00;100,00;0;0;0;0;0;NA;0;83,33;0;80,00;100,00;50,89;76,33;44,90
TUW-194660;=HYPERLINK("D:\Java\git\MethodDemosGit\MethodDemos\output\groundtruth\TUW-194660.pdf");=HYPERLINK("D:\Java\git\MethodDemosGit\MethodDemos\output\result\result-TUW-194660-xstream.xml");=HYPERLINK("D:\Java\git\MethodDemosGit\MethodDemos\output\extracted\cermine\cermine-TUW-194660-xstream.xml");BEITRAEGE_AUS_TAGUNGSBAENDEN;0;,00;NA;NA;0;NA;NA;100,00;0;NA;NA;NA;0;0;NA;NA;57,14;0;0;100,00;50,00;26,67;23,38
TUW-197422;=HYPERLINK("D:\Java\git\MethodDemosGit\MethodDemos\output\groundtruth\TUW-197422.pdf");=HYPERLINK("D:\Java\git\MethodDemosGit\MethodDemos\output\result\result-TUW-197422-xstream.xml");=HYPERLINK("D:\Java\git\MethodDemosGit\MethodDemos\output\extracted\cermine\cermine-TUW-197422-xstream.xml");BEITRAEGE_AUS_TAGUNGSBAENDEN;100,00;100,00;NA;NA;100,00;NA;NA;66,67;66,67;NA;NA;NA;NA;NA;NA;NA;95,24;100,00;0;100,00;100,00;76,77;80,95
TUW-197852;=HYPERLINK("D:\Java\git\MethodDemosGit\MethodDemos\output\groundtruth\TUW-197852.pdf");=HYPERLINK("D:\Java\git\MethodDemosGit\MethodDemos\output\result\result-TUW-197852-xstream.xml");=HYPERLINK("D:\Java\git\MethodDemosGit\MethodDemos\output\extracted\cermine\cermine-TUW-197852-xstream.xml");ZEITSCHRIFTENARTIKEL;,00;0;NA;0;0;NA;NA;,00;0;0;0;0;NA;NA;NA;NA;57,14;40,00;0;44,44;29,63;11,51;10,89
TUW-198400;=HYPERLINK("D:\Java\git\MethodDemosGit\MethodDemos\output\groundtruth\TUW-198400.pdf");=HYPERLINK("D:\Java\git\MethodDemosGit\MethodDemos\output\result\result-TUW-198400-xstream.xml");=HYPERLINK("D:\Java\git\MethodDemosGit\MethodDemos\output\extracted\cermine\cermine-TUW-198400-xstream.xml");BEITRAEGE_AUS_TAGUNGSBAENDEN;100,00;,00;NA;NA;100,00;100,00;100,00;100,00;100,00;NA;NA;NA;NA;NA;NA;NA;64,00;76,19;0;6,90;84,15;67,54;67,92
TUW-198401;=HYPERLINK("D:\Java\git\MethodDemosGit\MethodDemos\output\groundtruth\TUW-198401.pdf");=HYPERLINK("D:\Java\git\MethodDemosGit\MethodDemos\output\result\result-TUW-198401-xstream.xml");=HYPERLINK("D:\Java\git\MethodDemosGit\MethodDemos\output\extracted\cermine\cermine-TUW-198401-xstream.xml");BEITRAEGE_AUS_TAGUNGSBAENDEN;100,00;100,00;NA;0;0;0;0;66,67;0;0;0;0;NA;NA;NA;NA;100,00;50,00;,00;50,00;55,00;38,89;31,11
TUW-198405;=HYPERLINK("D:\Java\git\MethodDemosGit\MethodDemos\output\groundtruth\TUW-198405.pdf");=HYPERLINK("D:\Java\git\MethodDemosGit\MethodDemos\output\result\result-TUW-198405-xstream.xml");=HYPERLINK("D:\Java\git\MethodDemosGit\MethodDemos\output\extracted\cermine\cermine-TUW-198405-xstream.xml");BEITRAEGE_AUS_TAGUNGSBAENDEN;,00;100,00;NA;NA;0;0;0;0;0;NA;NA;NA;NA;NA;NA;NA;50,00;0;66,67;100,00;80,00;25,76;28,79
TUW-198408;=HYPERLINK("D:\Java\git\MethodDemosGit\MethodDemos\output\groundtruth\TUW-198408.pdf");=HYPERLINK("D:\Java\git\MethodDemosGit\MethodDemos\output\result\result-TUW-198408-xstream.xml");=HYPERLINK("D:\Java\git\MethodDemosGit\MethodDemos\output\extracted\cermine\cermine-TUW-198408-xstream.xml");BEITRAEGE_AUS_TAGUNGSBAENDEN;100,00;100,00;NA;NA;,00;0;0;,00;,00;NA;NA;NA;NA;NA;NA;NA;66,67;0;0;0;46,67;23,38;24,24
TUW-200745;=HYPERLINK("D:\Java\git\MethodDemosGit\MethodDemos\output\groundtruth\TUW-200745.pdf");=HYPERLINK("D:\Java\git\MethodDemosGit\MethodDemos\output\result\result-TUW-200745-xstream.xml");=HYPERLINK("D:\Java\git\MethodDemosGit\MethodDemos\output\extracted\cermine\cermine-TUW-200745-xstream.xml");DIPLOM_UND_MASTERARBEITEN;100,00;,00;0;NA;,00;NA;NA;,00;,00;NA;NA;NA;0;0;100,00;NA;,00;0;0;40,00;30,00;20,45;18,46
TUW-200748;=HYPERLINK("D:\Java\git\MethodDemosGit\MethodDemos\output\groundtruth\TUW-200748.pdf");=HYPERLINK("D:\Java\git\MethodDemosGit\MethodDemos\output\result\result-TUW-200748-xstream.xml");=HYPERLINK("D:\Java\git\MethodDemosGit\MethodDemos\output\extracted\cermine\cermine-TUW-200748-xstream.xml");DIPLOM_UND_MASTERARBEITEN;100,00;,00;0;NA;,00;NA;NA;,00;,00;0;0;0;0;0;100,00;NA;13,33;0;0;29,17;26,92;20,43;15,16
TUW-200948;=HYPERLINK("D:\Java\git\MethodDemosGit\MethodDemos\output\groundtruth\TUW-200948.pdf");=HYPERLINK("D:\Java\git\MethodDemosGit\MethodDemos\output\result\result-TUW-200948-xstream.xml");=HYPERLINK("D:\Java\git\MethodDemosGit\MethodDemos\output\extracted\cermine\cermine-TUW-200948-xstream.xml");ZEITSCHRIFTENARTIKEL;100,00;100,00;NA;NA;100,00;66,67;66,67;100,00;100,00;NA;NA;NA;NA;NA;NA;NA;80,00;0;,00;100,00;80,00;78,79;73,94
TUW-200950;=HYPERLINK("D:\Java\git\MethodDemosGit\MethodDemos\output\groundtruth\TUW-200950.pdf");=HYPERLINK("D:\Java\git\MethodDemosGit\MethodDemos\output\result\result-TUW-200950-xstream.xml");=HYPERLINK("D:\Java\git\MethodDemosGit\MethodDemos\output\extracted\cermine\cermine-TUW-200950-xstream.xml");ZEITSCHRIFTENARTIKEL;100,00;100,00;NA;NA;100,00;60,00;60,00;80,00;87,50;NA;NA;NA;NA;NA;NA;NA;,00;0;0;100,00;72,58;69,77;62,50
TUW-200959;=HYPERLINK("D:\Java\git\MethodDemosGit\MethodDemos\output\groundtruth\TUW-200959.pdf");=HYPERLINK("D:\Java\git\MethodDemosGit\MethodDemos\output\result\result-TUW-200959-xstream.xml");=HYPERLINK("D:\Java\git\MethodDemosGit\MethodDemos\output\extracted\cermine\cermine-TUW-200959-xstream.xml");ZEITSCHRIFTENARTIKEL;0;100,00;NA;NA;0;NA;NA;100,00;0;NA;NA;NA;NA;NA;0;NA;58,82;0;18,18;100,00;79,29;36,43;37,70
TUW-201066;=HYPERLINK("D:\Java\git\MethodDemosGit\MethodDemos\output\groundtruth\TUW-201066.pdf");=HYPERLINK("D:\Java\git\MethodDemosGit\MethodDemos\output\result\result-TUW-201066-xstream.xml");=HYPERLINK("D:\Java\git\MethodDemosGit\MethodDemos\output\extracted\cermine\cermine-TUW-201066-xstream.xml");BEITRAEGE_AUS_TAGUNGSBAENDEN;100,00;NA;NA;NA;66,67;0;0;100,00;66,67;NA;NA;NA;NA;NA;NA;NA;100,00;0;100,00;100,00;70,37;79,17;63,33
TUW-201160;=HYPERLINK("D:\Java\git\MethodDemosGit\MethodDemos\output\groundtruth\TUW-201160.pdf");=HYPERLINK("D:\Java\git\MethodDemosGit\MethodDemos\output\result\result-TUW-201160-xstream.xml");=HYPERLINK("D:\Java\git\MethodDemosGit\MethodDemos\output\extracted\cermine\cermine-TUW-201160-xstream.xml");BEITRAEGE_AUS_TAGUNGSBAENDEN;100,00;0;NA;NA;50,00;0;0;100,00;50,00;NA;NA;NA;NA;NA;NA;NA;88,89;0;75,00;100,00;60,00;67,50;51,26
TUW-201167;=HYPERLINK("D:\Java\git\MethodDemosGit\MethodDemos\output\groundtruth\TUW-201167.pdf");=HYPERLINK("D:\Java\git\MethodDemosGit\MethodDemos\output\result\result-TUW-201167-xstream.xml");=HYPERLINK("D:\Java\git\MethodDemosGit\MethodDemos\output\extracted\cermine\cermine-TUW-201167-xstream.xml");BEITRAEGE_AUS_TAGUNGSBAENDEN;100,00;NA;NA;NA;66,67;0;0;100,00;66,67;NA;NA;NA;NA;NA;NA;NA;100,00;0;100,00;100,00;70,37;79,17;63,33
TUW-201821;=HYPERLINK("D:\Java\git\MethodDemosGit\MethodDemos\output\groundtruth\TUW-201821.pdf");=HYPERLINK("D:\Java\git\MethodDemosGit\MethodDemos\output\result\result-TUW-201821-xstream.xml");=HYPERLINK("D:\Java\git\MethodDemosGit\MethodDemos\output\extracted\cermine\cermine-TUW-201821-xstream.xml");BEITRAEGE_AUS_TAGUNGSBAENDEN;100,00;100,00;NA;NA;100,00;100,00;100,00;100,00;100,00;NA;NA;NA;0;0;0;NA;90,91;0;100,00;100,00;81,94;83,33;70,78
TUW-202034;=HYPERLINK("D:\Java\git\MethodDemosGit\MethodDemos\output\groundtruth\TUW-202034.pdf");=HYPERLINK("D:\Java\git\MethodDemosGit\MethodDemos\output\result\result-TUW-202034-xstream.xml");=HYPERLINK("D:\Java\git\MethodDemosGit\MethodDemos\output\extracted\cermine\cermine-TUW-202034-xstream.xml");DIPLOM_UND_MASTERARBEITEN;100,00;,00;0;NA;,00;NA;NA;100,00;,00;NA;NA;NA;0;0;100,00;NA;,00;0;,00;60,00;36,36;31,17;27,69
TUW-202824;=HYPERLINK("D:\Java\git\MethodDemosGit\MethodDemos\output\groundtruth\TUW-202824.pdf");=HYPERLINK("D:\Java\git\MethodDemosGit\MethodDemos\output\result\result-TUW-202824-xstream.xml");=HYPERLINK("D:\Java\git\MethodDemosGit\MethodDemos\output\extracted\cermine\cermine-TUW-202824-xstream.xml");BEITRAEGE_AUS_TAGUNGSBAENDEN;100,00;,00;NA;NA;66,67;100,00;100,00;50,00;33,33;0;0;0;NA;NA;NA;NA;0;NA;NA;0;38,38;66,67;37,50
TUW-203409;=HYPERLINK("D:\Java\git\MethodDemosGit\MethodDemos\output\groundtruth\TUW-203409.pdf");=HYPERLINK("D:\Java\git\MethodDemosGit\MethodDemos\output\result\result-TUW-203409-xstream.xml");=HYPERLINK("D:\Java\git\MethodDemosGit\MethodDemos\output\extracted\cermine\cermine-TUW-203409-xstream.xml");BEITRAEGE_AUS_TAGUNGSBAENDEN;100,00;100,00;NA;100,00;100,00;0;0;100,00;100,00;NA;NA;NA;NA;NA;NA;NA;100,00;50,00;NA;NA;80,00;91,67;75,00
TUW-203924;=HYPERLINK("D:\Java\git\MethodDemosGit\MethodDemos\output\groundtruth\TUW-203924.pdf");=HYPERLINK("D:\Java\git\MethodDemosGit\MethodDemos\output\result\result-TUW-203924-xstream.xml");=HYPERLINK("D:\Java\git\MethodDemosGit\MethodDemos\output\extracted\cermine\cermine-TUW-203924-xstream.xml");BEITRAEGE_AUS_TAGUNGSBAENDEN;100,00;100,00;NA;90,91;66,67;NA;NA;66,67;66,67;NA;NA;NA;NA;NA;NA;NA;66,67;57,14;40,00;100,00;91,67;69,28;75,47
TUW-204724;=HYPERLINK("D:\Java\git\MethodDemosGit\MethodDemos\output\groundtruth\TUW-204724.pdf");=HYPERLINK("D:\Java\git\MethodDemosGit\MethodDemos\output\result\result-TUW-204724-xstream.xml");=HYPERLINK("D:\Java\git\MethodDemosGit\MethodDemos\output\extracted\cermine\cermine-TUW-204724-xstream.xml");ZEITSCHRIFTENARTIKEL;100,00;,00;NA;100,00;100,00;,00;,00;66,67;66,67;NA;NA;NA;NA;NA;NA;NA;,00;0;,00;96,00;53,85;41,67;44,11
TUW-205557;=HYPERLINK("D:\Java\git\MethodDemosGit\MethodDemos\output\groundtruth\TUW-205557.pdf");=HYPERLINK("D:\Java\git\MethodDemosGit\MethodDemos\output\result\result-TUW-205557-xstream.xml");=HYPERLINK("D:\Java\git\MethodDemosGit\MethodDemos\output\extracted\cermine\cermine-TUW-205557-xstream.xml");BEITRAEGE_AUS_TAGUNGSBAENDEN;100,00;100,00;NA;NA;66,67;NA;NA;100,00;66,67;NA;NA;NA;NA;NA;NA;NA;NA;NA;NA;100,00;88,89;88,89;88,89
TUW-205933;=HYPERLINK("D:\Java\git\MethodDemosGit\MethodDemos\output\groundtruth\TUW-205933.pdf");=HYPERLINK("D:\Java\git\MethodDemosGit\MethodDemos\output\result\result-TUW-205933-xstream.xml");=HYPERLINK("D:\Java\git\MethodDemosGit\MethodDemos\output\extracted\cermine\cermine-TUW-205933-xstream.xml");ZEITSCHRIFTENARTIKEL;100,00;100,00;NA;100,00;0;NA;NA;NA;NA;0;NA;NA;NA;NA;NA;NA;92,31;NA;57,14;100,00;97,62;67,50;68,68
TUW-213513;=HYPERLINK("D:\Java\git\MethodDemosGit\MethodDemos\output\groundtruth\TUW-213513.pdf");=HYPERLINK("D:\Java\git\MethodDemosGit\MethodDemos\output\result\result-TUW-213513-xstream.xml");=HYPERLINK("D:\Java\git\MethodDemosGit\MethodDemos\output\extracted\cermine\cermine-TUW-213513-xstream.xml");BEITRAEGE_AUS_TAGUNGSBAENDEN;100,00;0;NA;NA;100,00;100,00;100,00;66,67;66,67;NA;NA;NA;NA;NA;NA;NA;80,00;0;66,67;100,00;80,00;81,67;70,91
TUW-216744;=HYPERLINK("D:\Java\git\MethodDemosGit\MethodDemos\output\groundtruth\TUW-216744.pdf");=HYPERLINK("D:\Java\git\MethodDemosGit\MethodDemos\output\result\result-TUW-216744-xstream.xml");=HYPERLINK("D:\Java\git\MethodDemosGit\MethodDemos\output\extracted\cermine\cermine-TUW-216744-xstream.xml");BEITRAEGE_AUS_TAGUNGSBAENDEN;100,00;100,00;NA;44,44;,00;NA;NA;75,00;,00;0;0;NA;NA;NA;NA;NA;100,00;100,00;100,00;100,00;60,42;71,50;59,95
TUW-217690;=HYPERLINK("D:\Java\git\MethodDemosGit\MethodDemos\output\groundtruth\TUW-217690.pdf");=HYPERLINK("D:\Java\git\MethodDemosGit\MethodDemos\output\result\result-TUW-217690-xstream.xml");=HYPERLINK("D:\Java\git\MethodDemosGit\MethodDemos\output\extracted\cermine\cermine-TUW-217690-xstream.xml");BEITRAEGE_AUS_TAGUNGSBAENDEN;100,00;0;NA;,00;57,14;NA;NA;100,00;57,14;NA;NA;NA;NA;NA;NA;NA;85,71;50,00;0;100,00;84,38;51,33;55,00
TUW-217971;=HYPERLINK("D:\Java\git\MethodDemosGit\MethodDemos\output\groundtruth\TUW-217971.pdf");=HYPERLINK("D:\Java\git\MethodDemosGit\MethodDemos\output\result\result-TUW-217971-xstream.xml");=HYPERLINK("D:\Java\git\MethodDemosGit\MethodDemos\output\extracted\cermine\cermine-TUW-217971-xstream.xml");BEITRAEGE_AUS_TAGUNGSBAENDEN;100,00;100,00;NA;NA;100,00;0;0;100,00;100,00;NA;NA;NA;NA;NA;NA;NA;,00;0;,00;100,00;60,00;66,67;54,55
TUW-221215;=HYPERLINK("D:\Java\git\MethodDemosGit\MethodDemos\output\groundtruth\TUW-221215.pdf");=HYPERLINK("D:\Java\git\MethodDemosGit\MethodDemos\output\result\result-TUW-221215-xstream.xml");=HYPERLINK("D:\Java\git\MethodDemosGit\MethodDemos\output\extracted\cermine\cermine-TUW-221215-xstream.xml");DIPLOM_UND_MASTERARBEITEN;100,00;,00;0;NA;,00;NA;NA;,00;,00;NA;0;NA;0;0;100,00;NA;23,53;0;,00;26,92;30,56;20,89;17,89
TUW-223906;=HYPERLINK("D:\Java\git\MethodDemosGit\MethodDemos\output\groundtruth\TUW-223906.pdf");=HYPERLINK("D:\Java\git\MethodDemosGit\MethodDemos\output\result\result-TUW-223906-xstream.xml");=HYPERLINK("D:\Java\git\MethodDemosGit\MethodDemos\output\extracted\cermine\cermine-TUW-223906-xstream.xml");BEITRAEGE_AUS_TAGUNGSBAENDEN;100,00;100,00;NA;NA;100,00;100,00;100,00;,00;,00;NA;NA;NA;0;0;NA;NA;100,00;0;100,00;100,00;66,67;72,73;61,54
TUW-223973;=HYPERLINK("D:\Java\git\MethodDemosGit\MethodDemos\output\groundtruth\TUW-223973.pdf");=HYPERLINK("D:\Java\git\MethodDemosGit\MethodDemos\output\result\result-TUW-223973-xstream.xml");=HYPERLINK("D:\Java\git\MethodDemosGit\MethodDemos\output\extracted\cermine\cermine-TUW-223973-xstream.xml");BUCHBEITRAEGE;100,00;100,00;NA;100,00;100,00;NA;NA;100,00;100,00;NA;NA;NA;NA;NA;NA;NA;,00;0;,00;100,00;77,78;70,00;70,00
TUW-225252;=HYPERLINK("D:\Java\git\MethodDemosGit\MethodDemos\output\groundtruth\TUW-225252.pdf");=HYPERLINK("D:\Java\git\MethodDemosGit\MethodDemos\output\result\result-TUW-225252-xstream.xml");=HYPERLINK("D:\Java\git\MethodDemosGit\MethodDemos\output\extracted\cermine\cermine-TUW-225252-xstream.xml");BEITRAEGE_AUS_TAGUNGSBAENDEN;100,00;0;NA;NA;75,00;0;0;66,67;50,00;NA;NA;NA;NA;NA;NA;NA;80,00;0;66,67;100,00;56,25;70,83;48,94
TUW-226000;=HYPERLINK("D:\Java\git\MethodDemosGit\MethodDemos\output\groundtruth\TUW-226000.pdf");=HYPERLINK("D:\Java\git\MethodDemosGit\MethodDemos\output\result\result-TUW-226000-xstream.xml");=HYPERLINK("D:\Java\git\MethodDemosGit\MethodDemos\output\extracted\cermine\cermine-TUW-226000-xstream.xml");BEITRAEGE_AUS_TAGUNGSBAENDEN;100,00;100,00;NA;92,31;100,00;0;0;100,00;85,71;NA;NA;NA;NA;NA;NA;NA;100,00;100,00;100,00;100,00;82,14;97,50;81,50
TUW-226016;=HYPERLINK("D:\Java\git\MethodDemosGit\MethodDemos\output\groundtruth\TUW-226016.pdf");=HYPERLINK("D:\Java\git\MethodDemosGit\MethodDemos\output\result\result-TUW-226016-xstream.xml");=HYPERLINK("D:\Java\git\MethodDemosGit\MethodDemos\output\extracted\cermine\cermine-TUW-226016-xstream.xml");DIPLOM_UND_MASTERARBEITEN;100,00;0;0;0;,00;NA;NA;100,00;,00;NA;NA;NA;0;0;100,00;NA;,00;0;0;7,14;40,00;27,61;21,94
TUW-228620;=HYPERLINK("D:\Java\git\MethodDemosGit\MethodDemos\output\groundtruth\TUW-228620.pdf");=HYPERLINK("D:\Java\git\MethodDemosGit\MethodDemos\output\result\result-TUW-228620-xstream.xml");=HYPERLINK("D:\Java\git\MethodDemosGit\MethodDemos\output\extracted\cermine\cermine-TUW-228620-xstream.xml");ZEITSCHRIFTENARTIKEL;100,00;,00;NA;100,00;100,00;100,00;100,00;75,00;30,00;NA;NA;NA;NA;NA;NA;0;50,00;NA;60,00;100,00;76,70;69,79;67,92
TUW-231707;=HYPERLINK("D:\Java\git\MethodDemosGit\MethodDemos\output\groundtruth\TUW-231707.pdf");=HYPERLINK("D:\Java\git\MethodDemosGit\MethodDemos\output\result\result-TUW-231707-xstream.xml");=HYPERLINK("D:\Java\git\MethodDemosGit\MethodDemos\output\extracted\cermine\cermine-TUW-231707-xstream.xml");BUCHBEITRAEGE;100,00;,00;NA;NA;100,00;NA;NA;66,67;66,67;NA;NA;NA;NA;NA;NA;NA;90,91;90,91;0;0;85,71;51,85;57,24
TUW-233317;=HYPERLINK("D:\Java\git\MethodDemosGit\MethodDemos\output\groundtruth\TUW-233317.pdf");=HYPERLINK("D:\Java\git\MethodDemosGit\MethodDemos\output\result\result-TUW-233317-xstream.xml");=HYPERLINK("D:\Java\git\MethodDemosGit\MethodDemos\output\extracted\cermine\cermine-TUW-233317-xstream.xml");BEITRAEGE_AUS_TAGUNGSBAENDEN;100,00;100,00;NA;100,00;75,00;100,00;,00;100,00;75,00;NA;NA;NA;NA;NA;NA;NA;76,92;0;72,73;100,00;79,06;79,17;74,97
TUW-233657;=HYPERLINK("D:\Java\git\MethodDemosGit\MethodDemos\output\groundtruth\TUW-233657.pdf");=HYPERLINK("D:\Java\git\MethodDemosGit\MethodDemos\output\result\result-TUW-233657-xstream.xml");=HYPERLINK("D:\Java\git\MethodDemosGit\MethodDemos\output\extracted\cermine\cermine-TUW-233657-xstream.xml");BEITRAEGE_AUS_TAGUNGSBAENDEN;100,00;100,00;NA;100,00;72,73;100,00;100,00;57,14;29,63;NA;NA;NA;NA;NA;NA;NA;80,00;22,22;40,00;96,00;81,43;77,38;74,81
TUW-236063;=HYPERLINK("D:\Java\git\MethodDemosGit\MethodDemos\output\groundtruth\TUW-236063.pdf");=HYPERLINK("D:\Java\git\MethodDemosGit\MethodDemos\output\result\result-TUW-236063-xstream.xml");=HYPERLINK("D:\Java\git\MethodDemosGit\MethodDemos\output\extracted\cermine\cermine-TUW-236063-xstream.xml");BEITRAEGE_AUS_TAGUNGSBAENDEN;100,00;100,00;NA;NA;0;NA;NA;40,00;0;NA;NA;NA;NA;NA;NA;NA;57,14;0;100,00;100,00;91,67;54,63;55,24
TUW-236120;=HYPERLINK("D:\Java\git\MethodDemosGit\MethodDemos\output\groundtruth\TUW-236120.pdf");=HYPERLINK("D:\Java\git\MethodDemosGit\MethodDemos\output\result\result-TUW-236120-xstream.xml");=HYPERLINK("D:\Java\git\MethodDemosGit\MethodDemos\output\extracted\cermine\cermine-TUW-236120-xstream.xml");BEITRAEGE_AUS_TAGUNGSBAENDEN;100,00;100,00;NA;100,00;100,00;100,00;100,00;100,00;100,00;NA;NA;NA;NA;NA;NA;NA;37,50;0;,00;27,27;88,64;70,07;72,06
TUW-237297;=HYPERLINK("D:\Java\git\MethodDemosGit\MethodDemos\output\groundtruth\TUW-237297.pdf");=HYPERLINK("D:\Java\git\MethodDemosGit\MethodDemos\output\result\result-TUW-237297-xstream.xml");=HYPERLINK("D:\Java\git\MethodDemosGit\MethodDemos\output\extracted\cermine\cermine-TUW-237297-xstream.xml");BEITRAEGE_AUS_TAGUNGSBAENDEN;100,00;100,00;NA;0;100,00;NA;NA;NA;NA;0;NA;NA;0;0;NA;NA;54,55;NA;40,00;100,00;60,94;66,67;49,45
TUW-240858;=HYPERLINK("D:\Java\git\MethodDemosGit\MethodDemos\output\groundtruth\TUW-240858.pdf");=HYPERLINK("D:\Java\git\MethodDemosGit\MethodDemos\output\result\result-TUW-240858-xstream.xml");=HYPERLINK("D:\Java\git\MethodDemosGit\MethodDemos\output\extracted\cermine\cermine-TUW-240858-xstream.xml");BEITRAEGE_AUS_TAGUNGSBAENDEN;100,00;100,00;NA;NA;100,00;100,00;100,00;100,00;100,00;NA;NA;NA;NA;NA;NA;NA;44,44;0;57,14;100,00;93,33;80,30;81,96
TUW-245336;=HYPERLINK("D:\Java\git\MethodDemosGit\MethodDemos\output\groundtruth\TUW-245336.pdf");=HYPERLINK("D:\Java\git\MethodDemosGit\MethodDemos\output\result\result-TUW-245336-xstream.xml");=HYPERLINK("D:\Java\git\MethodDemosGit\MethodDemos\output\extracted\cermine\cermine-TUW-245336-xstream.xml");BUCHBEITRAEGE;100,00;100,00;NA;NA;100,00;NA;NA;NA;NA;NA;NA;NA;NA;NA;NA;NA;100,00;0;100,00;100,00;100,00;85,71;85,71
TUW-245799;=HYPERLINK("D:\Java\git\MethodDemosGit\MethodDemos\output\groundtruth\TUW-245799.pdf");=HYPERLINK("D:\Java\git\MethodDemosGit\MethodDemos\output\result\result-TUW-245799-xstream.xml");=HYPERLINK("D:\Java\git\MethodDemosGit\MethodDemos\output\extracted\cermine\cermine-TUW-245799-xstream.xml");ZEITSCHRIFTENARTIKEL;100,00;100,00;NA;100,00;100,00;80,00;40,00;66,67;66,67;0;0;0;0;0;NA;NA;100,00;100,00;100,00;100,00;65,69;84,72;61,96
TUW-247301;=HYPERLINK("D:\Java\git\MethodDemosGit\MethodDemos\output\groundtruth\TUW-247301.pdf");=HYPERLINK("D:\Java\git\MethodDemosGit\MethodDemos\output\result\result-TUW-247301-xstream.xml");=HYPERLINK("D:\Java\git\MethodDemosGit\MethodDemos\output\extracted\cermine\cermine-TUW-247301-xstream.xml");BEITRAEGE_AUS_TAGUNGSBAENDEN;100,00;NA;NA;NA;100,00;100,00;100,00;100,00;100,00;NA;NA;NA;NA;NA;NA;NA;100,00;0;100,00;100,00;100,00;90,00;90,00
TUW-247741;=HYPERLINK("D:\Java\git\MethodDemosGit\MethodDemos\output\groundtruth\TUW-247741.pdf");=HYPERLINK("D:\Java\git\MethodDemosGit\MethodDemos\output\result\result-TUW-247741-xstream.xml");=HYPERLINK("D:\Java\git\MethodDemosGit\MethodDemos\output\extracted\cermine\cermine-TUW-247741-xstream.xml");BEITRAEGE_AUS_TAGUNGSBAENDEN;100,00;100,00;NA;0;80,00;NA;NA;100,00;57,14;NA;NA;NA;0;0;NA;NA;47,06;16,67;25,00;100,00;68,18;59,88;52,16
TUW-247743;=HYPERLINK("D:\Java\git\MethodDemosGit\MethodDemos\output\groundtruth\TUW-247743.pdf");=HYPERLINK("D:\Java\git\MethodDemosGit\MethodDemos\output\result\result-TUW-247743-xstream.xml");=HYPERLINK("D:\Java\git\MethodDemosGit\MethodDemos\output\extracted\cermine\cermine-TUW-247743-xstream.xml");DIPLOM_UND_MASTERARBEITEN;100,00;0;0;NA;66,67;NA;NA;,00;,00;NA;NA;NA;0;0;100,00;NA;,00;,00;0;17,39;35,00;28,14;21,85
TUW-251544;=HYPERLINK("D:\Java\git\MethodDemosGit\MethodDemos\output\groundtruth\TUW-251544.pdf");=HYPERLINK("D:\Java\git\MethodDemosGit\MethodDemos\output\result\result-TUW-251544-xstream.xml");=HYPERLINK("D:\Java\git\MethodDemosGit\MethodDemos\output\extracted\cermine\cermine-TUW-251544-xstream.xml");ZEITSCHRIFTENARTIKEL;100,00;,00;NA;100,00;100,00;100,00;100,00;0;0;NA;NA;NA;NA;NA;NA;NA;54,55;0;0;0;85,71;44,79;46,21
TUW-252847;=HYPERLINK("D:\Java\git\MethodDemosGit\MethodDemos\output\groundtruth\TUW-252847.pdf");=HYPERLINK("D:\Java\git\MethodDemosGit\MethodDemos\output\result\result-TUW-252847-xstream.xml");=HYPERLINK("D:\Java\git\MethodDemosGit\MethodDemos\output\extracted\cermine\cermine-TUW-252847-xstream.xml");BEITRAEGE_AUS_TAGUNGSBAENDEN;100,00;100,00;NA;NA;83,33;100,00;83,33;80,00;83,33;NA;NA;NA;0;0;NA;NA;100,00;25,00;100,00;100,00;79,23;85,84;73,46
TUW-255712;=HYPERLINK("D:\Java\git\MethodDemosGit\MethodDemos\output\groundtruth\TUW-255712.pdf");=HYPERLINK("D:\Java\git\MethodDemosGit\MethodDemos\output\result\result-TUW-255712-xstream.xml");=HYPERLINK("D:\Java\git\MethodDemosGit\MethodDemos\output\extracted\cermine\cermine-TUW-255712-xstream.xml");BEITRAEGE_AUS_TAGUNGSBAENDEN;100,00;100,00;NA;NA;100,00;NA;NA;100,00;100,00;NA;NA;NA;NA;NA;NA;NA;,00;NA;,00;94,34;73,66;75,00;74,29
TUW-256654;=HYPERLINK("D:\Java\git\MethodDemosGit\MethodDemos\output\groundtruth\TUW-256654.pdf");=HYPERLINK("D:\Java\git\MethodDemosGit\MethodDemos\output\result\result-TUW-256654-xstream.xml");=HYPERLINK("D:\Java\git\MethodDemosGit\MethodDemos\output\extracted\cermine\cermine-TUW-256654-xstream.xml");BEITRAEGE_AUS_TAGUNGSBAENDEN;0;,00;NA;NA;66,67;0;0;0;0;NA;NA;NA;NA;NA;NA;NA;,00;0;0;66,67;37,50;13,64;12,12
TUW-257397;=HYPERLINK("D:\Java\git\MethodDemosGit\MethodDemos\output\groundtruth\TUW-257397.pdf");=HYPERLINK("D:\Java\git\MethodDemosGit\MethodDemos\output\result\result-TUW-257397-xstream.xml");=HYPERLINK("D:\Java\git\MethodDemosGit\MethodDemos\output\extracted\cermine\cermine-TUW-257397-xstream.xml");BUCHBEITRAEGE;100,00;100,00;NA;NA;100,00;100,00;100,00;100,00;100,00;NA;NA;NA;NA;NA;NA;NA;66,67;73,68;76,92;100,00;100,00;88,26;92,48
TUW-257870;=HYPERLINK("D:\Java\git\MethodDemosGit\MethodDemos\output\groundtruth\TUW-257870.pdf");=HYPERLINK("D:\Java\git\MethodDemosGit\MethodDemos\output\result\result-TUW-257870-xstream.xml");=HYPERLINK("D:\Java\git\MethodDemosGit\MethodDemos\output\extracted\cermine\cermine-TUW-257870-xstream.xml");BEITRAEGE_AUS_TAGUNGSBAENDEN;100,00;100,00;NA;0;80,00;100,00;100,00;80,00;80,00;NA;NA;NA;0;0;NA;NA;,00;NA;,00;60,00;53,57;72,73;53,85
