"path";"PDF";"original";"extracted";"PublicationType";"Title";"Abstract";"Abstract (german)";"Keywords";"Authors";"Emails";"Author-Emails";"Affiliations";"Author-Affiliations";"Source";"Volume";"Issue";"Page from";"Page to";"Year";"Doi";"Sections";"Section-Levels";"Section-References";"References";"Precision";"Recall";"F1"
"TUW-137078";"=HYPERLINK(""D:\Java\git\MethodDemosGit\MethodDemos\output\groundtruth\TUW-137078.pdf"")";"=HYPERLINK(""D:\Java\git\MethodDemosGit\MethodDemos\output\result\result-TUW-137078-xstream.xml"")";"=HYPERLINK(""D:\Java\git\MethodDemosGit\MethodDemos\output\extracted\grobid\grobid-TUW-137078-xstream.xml"")";"Beiträge in Tagungsbänden";"100,00";"100,00";"NA";"100,00";"100,00";"66,67";"66,67";"100,00";"100,00";"NA";"NA";"NA";"NA";"NA";"NA";"NA";"88,89";"NA";"100,00";"100,00";"100,00";"89,09";"92,93"
"TUW-138011";"=HYPERLINK(""D:\Java\git\MethodDemosGit\MethodDemos\output\groundtruth\TUW-138011.pdf"")";"=HYPERLINK(""D:\Java\git\MethodDemosGit\MethodDemos\output\result\result-TUW-138011-xstream.xml"")";"=HYPERLINK(""D:\Java\git\MethodDemosGit\MethodDemos\output\extracted\grobid\grobid-TUW-138011-xstream.xml"")";"Beiträge in Tagungsbänden";"100,00";"100,00";"NA";"NA";"88,89";"0,00";"0,00";"100,00";"80,00";"NA";"NA";"NA";"NA";"NA";"NA";"NA";"100,00";"100,00";"100,00";"100,00";"80,00";"78,18";"78,99"
"TUW-138447";"=HYPERLINK(""D:\Java\git\MethodDemosGit\MethodDemos\output\groundtruth\TUW-138447.pdf"")";"=HYPERLINK(""D:\Java\git\MethodDemosGit\MethodDemos\output\result\result-TUW-138447-xstream.xml"")";"=HYPERLINK(""D:\Java\git\MethodDemosGit\MethodDemos\output\extracted\grobid\grobid-TUW-138447-xstream.xml"")";"Zeitschriftenartikel";"0,00";"100,00";"NA";"100,00";"100,00";"NA";"NA";"100,00";"100,00";"NA";"NA";"NA";"NA";"NA";"NA";"NA";"88,24";"93,33";"0,00";"95,00";"98,59";"76,58";"77,66"
"TUW-138544";"=HYPERLINK(""D:\Java\git\MethodDemosGit\MethodDemos\output\groundtruth\TUW-138544.pdf"")";"=HYPERLINK(""D:\Java\git\MethodDemosGit\MethodDemos\output\result\result-TUW-138544-xstream.xml"")";"=HYPERLINK(""D:\Java\git\MethodDemosGit\MethodDemos\output\extracted\grobid\grobid-TUW-138544-xstream.xml"")";"Beiträge in Tagungsbänden";"100,00";"100,00";"NA";"NA";"100,00";"0,00";"0,00";"100,00";"100,00";"NA";"NA";"NA";"NA";"NA";"NA";"NA";"88,89";"92,31";"44,44";"92,31";"93,59";"72,47";"74,36"
"TUW-138547";"=HYPERLINK(""D:\Java\git\MethodDemosGit\MethodDemos\output\groundtruth\TUW-138547.pdf"")";"=HYPERLINK(""D:\Java\git\MethodDemosGit\MethodDemos\output\result\result-TUW-138547-xstream.xml"")";"=HYPERLINK(""D:\Java\git\MethodDemosGit\MethodDemos\output\extracted\grobid\grobid-TUW-138547-xstream.xml"")";"Beiträge in Tagungsbänden";"100,00";"100,00";"NA";"NA";"100,00";"100,00";"100,00";"100,00";"100,00";"NA";"NA";"NA";"NA";"NA";"NA";"NA";"96,30";"96,30";"0,00";"85,71";"89,61";"88,31";"88,94"
"TUW-139299";"=HYPERLINK(""D:\Java\git\MethodDemosGit\MethodDemos\output\groundtruth\TUW-139299.pdf"")";"=HYPERLINK(""D:\Java\git\MethodDemosGit\MethodDemos\output\result\result-TUW-139299-xstream.xml"")";"=HYPERLINK(""D:\Java\git\MethodDemosGit\MethodDemos\output\extracted\grobid\grobid-TUW-139299-xstream.xml"")";"Zeitschriftenartikel";"100,00";"100,00";"NA";"NA";"100,00";"NA";"NA";"NA";"NA";"NA";"NA";"NA";"NA";"NA";"0,00";"NA";"83,33";"90,91";"0,00";"86,96";"80,95";"69,70";"70,15"
"TUW-139761";"=HYPERLINK(""D:\Java\git\MethodDemosGit\MethodDemos\output\groundtruth\TUW-139761.pdf"")";"=HYPERLINK(""D:\Java\git\MethodDemosGit\MethodDemos\output\result\result-TUW-139761-xstream.xml"")";"=HYPERLINK(""D:\Java\git\MethodDemosGit\MethodDemos\output\extracted\grobid\grobid-TUW-139761-xstream.xml"")";"Diplom- oder Masterarbeiten";"100,00";"0,00";"0,00";"NA";"40,00";"NA";"NA";"100,00";"40,00";"NA";"NA";"NA";"NA";"NA";"NA";"NA";"83,46";"85,45";"0,00";"88,31";"65,06";"65,14";"53,72"
"TUW-139769";"=HYPERLINK(""D:\Java\git\MethodDemosGit\MethodDemos\output\groundtruth\TUW-139769.pdf"")";"=HYPERLINK(""D:\Java\git\MethodDemosGit\MethodDemos\output\result\result-TUW-139769-xstream.xml"")";"=HYPERLINK(""D:\Java\git\MethodDemosGit\MethodDemos\output\extracted\grobid\grobid-TUW-139769-xstream.xml"")";"Diplom- oder Masterarbeiten";"100,00";"0,00";"0,00";"NA";"0,00";"NA";"NA";"100,00";"0,00";"NA";"NA";"NA";"NA";"NA";"NA";"NA";"85,11";"84,82";"90,20";"100,00";"64,07";"54,63";"56,01"
"TUW-139781";"=HYPERLINK(""D:\Java\git\MethodDemosGit\MethodDemos\output\groundtruth\TUW-139781.pdf"")";"=HYPERLINK(""D:\Java\git\MethodDemosGit\MethodDemos\output\result\result-TUW-139781-xstream.xml"")";"=HYPERLINK(""D:\Java\git\MethodDemosGit\MethodDemos\output\extracted\grobid\grobid-TUW-139781-xstream.xml"")";"Beiträge in Tagungsbänden";"100,00";"NA";"NA";"NA";"100,00";"NA";"NA";"100,00";"100,00";"0,00";"NA";"NA";"NA";"NA";"0,00";"NA";"87,50";"100,00";"75,00";"100,00";"94,10";"77,50";"76,25"
"TUW-139785";"=HYPERLINK(""D:\Java\git\MethodDemosGit\MethodDemos\output\groundtruth\TUW-139785.pdf"")";"=HYPERLINK(""D:\Java\git\MethodDemosGit\MethodDemos\output\result\result-TUW-139785-xstream.xml"")";"=HYPERLINK(""D:\Java\git\MethodDemosGit\MethodDemos\output\extracted\grobid\grobid-TUW-139785-xstream.xml"")";"Diplom- oder Masterarbeiten";"100,00";"0,00";"0,00";"NA";"0,00";"NA";"NA";"100,00";"0,00";"NA";"NA";"NA";"NA";"NA";"NA";"NA";"83,87";"92,86";"0,00";"83,81";"49,98";"47,73";"46,05"
"TUW-140047";"=HYPERLINK(""D:\Java\git\MethodDemosGit\MethodDemos\output\groundtruth\TUW-140047.pdf"")";"=HYPERLINK(""D:\Java\git\MethodDemosGit\MethodDemos\output\result\result-TUW-140047-xstream.xml"")";"=HYPERLINK(""D:\Java\git\MethodDemosGit\MethodDemos\output\extracted\grobid\grobid-TUW-140047-xstream.xml"")";"Beiträge in Tagungsbänden";"100,00";"100,00";"NA";"NA";"100,00";"NA";"NA";"100,00";"100,00";"NA";"NA";"NA";"NA";"NA";"NA";"NA";"83,87";"73,33";"0,00";"90,91";"84,53";"82,35";"83,12"
"TUW-140048";"=HYPERLINK(""D:\Java\git\MethodDemosGit\MethodDemos\output\groundtruth\TUW-140048.pdf"")";"=HYPERLINK(""D:\Java\git\MethodDemosGit\MethodDemos\output\result\result-TUW-140048-xstream.xml"")";"=HYPERLINK(""D:\Java\git\MethodDemosGit\MethodDemos\output\extracted\grobid\grobid-TUW-140048-xstream.xml"")";"Beiträge in Tagungsbänden";"100,00";"100,00";"NA";"NA";"100,00";"66,67";"66,67";"100,00";"100,00";"NA";"NA";"NA";"NA";"NA";"NA";"NA";"65,00";"92,31";"0,00";"100,00";"95,20";"79,31";"80,97"
"TUW-140229";"=HYPERLINK(""D:\Java\git\MethodDemosGit\MethodDemos\output\groundtruth\TUW-140229.pdf"")";"=HYPERLINK(""D:\Java\git\MethodDemosGit\MethodDemos\output\result\result-TUW-140229-xstream.xml"")";"=HYPERLINK(""D:\Java\git\MethodDemosGit\MethodDemos\output\extracted\grobid\grobid-TUW-140229-xstream.xml"")";"Beiträge in Tagungsbänden";"100,00";"0,00";"NA";"NA";"66,67";"66,67";"66,67";"100,00";"50,00";"NA";"NA";"NA";"NA";"NA";"NA";"NA";"85,71";"92,31";"80,00";"100,00";"82,79";"69,70";"73,46"
"TUW-140253";"=HYPERLINK(""D:\Java\git\MethodDemosGit\MethodDemos\output\groundtruth\TUW-140253.pdf"")";"=HYPERLINK(""D:\Java\git\MethodDemosGit\MethodDemos\output\result\result-TUW-140253-xstream.xml"")";"=HYPERLINK(""D:\Java\git\MethodDemosGit\MethodDemos\output\extracted\grobid\grobid-TUW-140253-xstream.xml"")";"Beiträge in Tagungsbänden";"100,00";"100,00";"NA";"100,00";"100,00";"100,00";"100,00";"100,00";"100,00";"NA";"NA";"NA";"NA";"NA";"NA";"NA";"92,31";"92,31";"85,71";"84,34";"97,74";"95,54";"96,22"
"TUW-140308";"=HYPERLINK(""D:\Java\git\MethodDemosGit\MethodDemos\output\groundtruth\TUW-140308.pdf"")";"=HYPERLINK(""D:\Java\git\MethodDemosGit\MethodDemos\output\result\result-TUW-140308-xstream.xml"")";"=HYPERLINK(""D:\Java\git\MethodDemosGit\MethodDemos\output\extracted\grobid\grobid-TUW-140308-xstream.xml"")";"Zeitschriftenartikel";"100,00";"100,00";"NA";"NA";"100,00";"100,00";"100,00";"100,00";"100,00";"0,00";"NA";"NA";"0,00";"0,00";"0,00";"NA";"100,00";"100,00";"100,00";"100,00";"100,00";"73,33";"73,33"
"TUW-140533";"=HYPERLINK(""D:\Java\git\MethodDemosGit\MethodDemos\output\groundtruth\TUW-140533.pdf"")";"=HYPERLINK(""D:\Java\git\MethodDemosGit\MethodDemos\output\result\result-TUW-140533-xstream.xml"")";"=HYPERLINK(""D:\Java\git\MethodDemosGit\MethodDemos\output\extracted\grobid\grobid-TUW-140533-xstream.xml"")";"Diplom- oder Masterarbeiten";"100,00";"0,00";"0,00";"NA";"0,00";"NA";"NA";"100,00";"0,00";"NA";"NA";"NA";"NA";"NA";"0,00";"NA";"68,54";"98,99";"0,00";"98,70";"60,86";"41,09";"42,39"
"TUW-140867";"=HYPERLINK(""D:\Java\git\MethodDemosGit\MethodDemos\output\groundtruth\TUW-140867.pdf"")";"=HYPERLINK(""D:\Java\git\MethodDemosGit\MethodDemos\output\result\result-TUW-140867-xstream.xml"")";"=HYPERLINK(""D:\Java\git\MethodDemosGit\MethodDemos\output\extracted\grobid\grobid-TUW-140867-xstream.xml"")";"Beiträge in Tagungsbänden";"100,00";"100,00";"NA";"0,00";"100,00";"NA";"NA";"100,00";"100,00";"0,00";"NA";"NA";"NA";"NA";"0,00";"NA";"82,35";"100,00";"0,00";"94,74";"84,44";"66,67";"64,76"
"TUW-140895";"=HYPERLINK(""D:\Java\git\MethodDemosGit\MethodDemos\output\groundtruth\TUW-140895.pdf"")";"=HYPERLINK(""D:\Java\git\MethodDemosGit\MethodDemos\output\result\result-TUW-140895-xstream.xml"")";"=HYPERLINK(""D:\Java\git\MethodDemosGit\MethodDemos\output\extracted\grobid\grobid-TUW-140895-xstream.xml"")";"Diplom- oder Masterarbeiten";"100,00";"0,00";"0,00";"NA";"0,00";"NA";"NA";"0,00";"0,00";"NA";"NA";"NA";"NA";"NA";"0,00";"NA";"87,80";"94,74";"66,67";"100,00";"49,25";"41,47";"40,84"
"TUW-140983";"=HYPERLINK(""D:\Java\git\MethodDemosGit\MethodDemos\output\groundtruth\TUW-140983.pdf"")";"=HYPERLINK(""D:\Java\git\MethodDemosGit\MethodDemos\output\result\result-TUW-140983-xstream.xml"")";"=HYPERLINK(""D:\Java\git\MethodDemosGit\MethodDemos\output\extracted\grobid\grobid-TUW-140983-xstream.xml"")";"Beiträge in Tagungsbänden";"100,00";"100,00";"NA";"0,00";"100,00";"40,00";"40,00";"100,00";"66,67";"0,00";"NA";"NA";"NA";"NA";"NA";"NA";"66,67";"100,00";"80,00";"100,00";"83,33";"69,23";"68,72"
"TUW-141024";"=HYPERLINK(""D:\Java\git\MethodDemosGit\MethodDemos\output\groundtruth\TUW-141024.pdf"")";"=HYPERLINK(""D:\Java\git\MethodDemosGit\MethodDemos\output\result\result-TUW-141024-xstream.xml"")";"=HYPERLINK(""D:\Java\git\MethodDemosGit\MethodDemos\output\extracted\grobid\grobid-TUW-141024-xstream.xml"")";"Beiträge in Tagungsbänden";"100,00";"100,00";"NA";"NA";"100,00";"NA";"NA";"100,00";"100,00";"NA";"NA";"NA";"NA";"NA";"NA";"NA";"100,00";"100,00";"100,00";"100,00";"100,00";"100,00";"100,00"
"TUW-141065";"=HYPERLINK(""D:\Java\git\MethodDemosGit\MethodDemos\output\groundtruth\TUW-141065.pdf"")";"=HYPERLINK(""D:\Java\git\MethodDemosGit\MethodDemos\output\result\result-TUW-141065-xstream.xml"")";"=HYPERLINK(""D:\Java\git\MethodDemosGit\MethodDemos\output\extracted\grobid\grobid-TUW-141065-xstream.xml"")";"Beiträge in Tagungsbänden";"100,00";"100,00";"NA";"NA";"100,00";"66,67";"66,67";"100,00";"100,00";"NA";"NA";"NA";"NA";"NA";"NA";"NA";"100,00";"100,00";"66,67";"100,00";"91,34";"90,53";"90,91"
"TUW-141121";"=HYPERLINK(""D:\Java\git\MethodDemosGit\MethodDemos\output\groundtruth\TUW-141121.pdf"")";"=HYPERLINK(""D:\Java\git\MethodDemosGit\MethodDemos\output\result\result-TUW-141121-xstream.xml"")";"=HYPERLINK(""D:\Java\git\MethodDemosGit\MethodDemos\output\extracted\grobid\grobid-TUW-141121-xstream.xml"")";"Beiträge in Tagungsbänden";"100,00";"100,00";"NA";"NA";"100,00";"100,00";"100,00";"100,00";"100,00";"NA";"NA";"NA";"NA";"NA";"NA";"NA";"100,00";"100,00";"50,00";"92,31";"94,16";"95,45";"94,76"
"TUW-141140";"=HYPERLINK(""D:\Java\git\MethodDemosGit\MethodDemos\output\groundtruth\TUW-141140.pdf"")";"=HYPERLINK(""D:\Java\git\MethodDemosGit\MethodDemos\output\result\result-TUW-141140-xstream.xml"")";"=HYPERLINK(""D:\Java\git\MethodDemosGit\MethodDemos\output\extracted\grobid\grobid-TUW-141140-xstream.xml"")";"Beiträge in Tagungsbänden";"100,00";"100,00";"NA";"NA";"100,00";"NA";"NA";"100,00";"100,00";"NA";"NA";"NA";"NA";"NA";"NA";"NA";"73,33";"100,00";"100,00";"87,50";"93,93";"98,61";"95,65"
"TUW-141336";"=HYPERLINK(""D:\Java\git\MethodDemosGit\MethodDemos\output\groundtruth\TUW-141336.pdf"")";"=HYPERLINK(""D:\Java\git\MethodDemosGit\MethodDemos\output\result\result-TUW-141336-xstream.xml"")";"=HYPERLINK(""D:\Java\git\MethodDemosGit\MethodDemos\output\extracted\grobid\grobid-TUW-141336-xstream.xml"")";"Zeitschriftenartikel";"100,00";"100,00";"NA";"NA";"50,00";"50,00";"50,00";"0,00";"0,00";"100,00";"100,00";"NA";"100,00";"100,00";"0,00";"NA";"88,00";"100,00";"83,33";"100,00";"84,53";"67,19";"70,08"
"TUW-141618";"=HYPERLINK(""D:\Java\git\MethodDemosGit\MethodDemos\output\groundtruth\TUW-141618.pdf"")";"=HYPERLINK(""D:\Java\git\MethodDemosGit\MethodDemos\output\result\result-TUW-141618-xstream.xml"")";"=HYPERLINK(""D:\Java\git\MethodDemosGit\MethodDemos\output\extracted\grobid\grobid-TUW-141618-xstream.xml"")";"Buchbeiträge";"100,00";"100,00";"NA";"NA";"100,00";"NA";"NA";"100,00";"33,33";"NA";"NA";"NA";"NA";"NA";"NA";"NA";"55,56";"100,00";"30,77";"98,67";"78,67";"86,11";"79,81"
"TUW-141758";"=HYPERLINK(""D:\Java\git\MethodDemosGit\MethodDemos\output\groundtruth\TUW-141758.pdf"")";"=HYPERLINK(""D:\Java\git\MethodDemosGit\MethodDemos\output\result\result-TUW-141758-xstream.xml"")";"=HYPERLINK(""D:\Java\git\MethodDemosGit\MethodDemos\output\extracted\grobid\grobid-TUW-141758-xstream.xml"")";"Diplom- oder Masterarbeiten";"100,00";"100,00";"0,00";"NA";"100,00";"NA";"NA";"100,00";"100,00";"NA";"NA";"NA";"NA";"NA";"0,00";"NA";"86,82";"90,60";"0,00";"73,39";"82,44";"69,25";"68,26"
"TUW-168222";"=HYPERLINK(""D:\Java\git\MethodDemosGit\MethodDemos\output\groundtruth\TUW-168222.pdf"")";"=HYPERLINK(""D:\Java\git\MethodDemosGit\MethodDemos\output\result\result-TUW-168222-xstream.xml"")";"=HYPERLINK(""D:\Java\git\MethodDemosGit\MethodDemos\output\extracted\grobid\grobid-TUW-168222-xstream.xml"")";"Beiträge in Tagungsbänden";"100,00";"0,00";"NA";"NA";"100,00";"100,00";"100,00";"100,00";"100,00";"NA";"NA";"NA";"NA";"NA";"NA";"NA";"44,44";"0,00";"0,00";"0,00";"80,00";"59,09";"58,59"
"TUW-168482";"=HYPERLINK(""D:\Java\git\MethodDemosGit\MethodDemos\output\groundtruth\TUW-168482.pdf"")";"=HYPERLINK(""D:\Java\git\MethodDemosGit\MethodDemos\output\result\result-TUW-168482-xstream.xml"")";"=HYPERLINK(""D:\Java\git\MethodDemosGit\MethodDemos\output\extracted\grobid\grobid-TUW-168482-xstream.xml"")";"Diplom- oder Masterarbeiten";"0,00";"0,00";"0,00";"NA";"80,00";"NA";"NA";"0,00";"0,00";"NA";"NA";"NA";"NA";"NA";"0,00";"NA";"70,77";"69,14";"0,00";"79,41";"31,10";"34,35";"27,21"
"TUW-169511";"=HYPERLINK(""D:\Java\git\MethodDemosGit\MethodDemos\output\groundtruth\TUW-169511.pdf"")";"=HYPERLINK(""D:\Java\git\MethodDemosGit\MethodDemos\output\result\result-TUW-169511-xstream.xml"")";"=HYPERLINK(""D:\Java\git\MethodDemosGit\MethodDemos\output\extracted\grobid\grobid-TUW-169511-xstream.xml"")";"Beiträge in Tagungsbänden";"100,00";"NA";"NA";"NA";"100,00";"66,67";"66,67";"66,67";"75,00";"NA";"NA";"NA";"NA";"NA";"NA";"NA";"88,89";"100,00";"100,00";"100,00";"94,17";"82,17";"86,39"
"TUW-172697";"=HYPERLINK(""D:\Java\git\MethodDemosGit\MethodDemos\output\groundtruth\TUW-172697.pdf"")";"=HYPERLINK(""D:\Java\git\MethodDemosGit\MethodDemos\output\result\result-TUW-172697-xstream.xml"")";"=HYPERLINK(""D:\Java\git\MethodDemosGit\MethodDemos\output\extracted\grobid\grobid-TUW-172697-xstream.xml"")";"Beiträge in Tagungsbänden";"0,00";"0,00";"NA";"75,00";"100,00";"NA";"NA";"100,00";"100,00";"0,00";"NA";"NA";"NA";"NA";"0,00";"NA";"28,57";"NA";"100,00";"85,71";"63,33";"56,82";"53,57"
"TUW-174216";"=HYPERLINK(""D:\Java\git\MethodDemosGit\MethodDemos\output\groundtruth\TUW-174216.pdf"")";"=HYPERLINK(""D:\Java\git\MethodDemosGit\MethodDemos\output\result\result-TUW-174216-xstream.xml"")";"=HYPERLINK(""D:\Java\git\MethodDemosGit\MethodDemos\output\extracted\grobid\grobid-TUW-174216-xstream.xml"")";"Zeitschriftenartikel";"100,00";"100,00";"NA";"88,89";"100,00";"NA";"NA";"100,00";"100,00";"100,00";"100,00";"100,00";"100,00";"100,00";"0,00";"NA";"94,74";"100,00";"0,00";"59,09";"91,34";"82,83";"83,92"
"TUW-175428";"=HYPERLINK(""D:\Java\git\MethodDemosGit\MethodDemos\output\groundtruth\TUW-175428.pdf"")";"=HYPERLINK(""D:\Java\git\MethodDemosGit\MethodDemos\output\result\result-TUW-175428-xstream.xml"")";"=HYPERLINK(""D:\Java\git\MethodDemosGit\MethodDemos\output\extracted\grobid\grobid-TUW-175428-xstream.xml"")";"Diplom- oder Masterarbeiten";"0,00";"0,00";"0,00";"NA";"0,00";"NA";"NA";"0,00";"0,00";"NA";"NA";"NA";"NA";"NA";"0,00";"NA";"68,69";"87,67";"0,00";"87,80";"60,63";"22,90";"22,20"
"TUW-176087";"=HYPERLINK(""D:\Java\git\MethodDemosGit\MethodDemos\output\groundtruth\TUW-176087.pdf"")";"=HYPERLINK(""D:\Java\git\MethodDemosGit\MethodDemos\output\result\result-TUW-176087-xstream.xml"")";"=HYPERLINK(""D:\Java\git\MethodDemosGit\MethodDemos\output\extracted\grobid\grobid-TUW-176087-xstream.xml"")";"Buchbeiträge";"100,00";"100,00";"NA";"100,00";"100,00";"0,00";"0,00";"83,33";"75,00";"NA";"NA";"NA";"NA";"NA";"NA";"NA";"93,33";"100,00";"66,67";"96,55";"95,83";"74,10";"76,24"
"TUW-177140";"=HYPERLINK(""D:\Java\git\MethodDemosGit\MethodDemos\output\groundtruth\TUW-177140.pdf"")";"=HYPERLINK(""D:\Java\git\MethodDemosGit\MethodDemos\output\result\result-TUW-177140-xstream.xml"")";"=HYPERLINK(""D:\Java\git\MethodDemosGit\MethodDemos\output\extracted\grobid\grobid-TUW-177140-xstream.xml"")";"Beiträge in Tagungsbänden";"100,00";"0,00";"NA";"NA";"100,00";"100,00";"100,00";"100,00";"100,00";"NA";"NA";"NA";"NA";"NA";"NA";"NA";"66,67";"66,67";"66,67";"100,00";"84,09";"80,00";"81,82"
"TUW-179146";"=HYPERLINK(""D:\Java\git\MethodDemosGit\MethodDemos\output\groundtruth\TUW-179146.pdf"")";"=HYPERLINK(""D:\Java\git\MethodDemosGit\MethodDemos\output\result\result-TUW-179146-xstream.xml"")";"=HYPERLINK(""D:\Java\git\MethodDemosGit\MethodDemos\output\extracted\grobid\grobid-TUW-179146-xstream.xml"")";"Beiträge in Tagungsbänden";"100,00";"100,00";"NA";"NA";"100,00";"NA";"NA";"66,67";"66,67";"NA";"NA";"NA";"NA";"NA";"0,00";"NA";"85,71";"85,71";"90,91";"100,00";"93,12";"77,14";"79,57"
"TUW-180162";"=HYPERLINK(""D:\Java\git\MethodDemosGit\MethodDemos\output\groundtruth\TUW-180162.pdf"")";"=HYPERLINK(""D:\Java\git\MethodDemosGit\MethodDemos\output\result\result-TUW-180162-xstream.xml"")";"=HYPERLINK(""D:\Java\git\MethodDemosGit\MethodDemos\output\extracted\grobid\grobid-TUW-180162-xstream.xml"")";"Beiträge in Tagungsbänden";"0,00";"100,00";"NA";"NA";"100,00";"50,00";"50,00";"50,00";"66,67";"NA";"NA";"NA";"NA";"NA";"NA";"NA";"93,75";"100,00";"90,91";"100,00";"95,00";"68,63";"72,85"
"TUW-181199";"=HYPERLINK(""D:\Java\git\MethodDemosGit\MethodDemos\output\groundtruth\TUW-181199.pdf"")";"=HYPERLINK(""D:\Java\git\MethodDemosGit\MethodDemos\output\result\result-TUW-181199-xstream.xml"")";"=HYPERLINK(""D:\Java\git\MethodDemosGit\MethodDemos\output\extracted\grobid\grobid-TUW-181199-xstream.xml"")";"Beiträge in Tagungsbänden";"100,00";"100,00";"NA";"NA";"100,00";"66,67";"66,67";"100,00";"100,00";"NA";"NA";"NA";"NA";"NA";"NA";"NA";"90,91";"90,91";"85,71";"100,00";"90,91";"94,70";"90,99"
"TUW-182414";"=HYPERLINK(""D:\Java\git\MethodDemosGit\MethodDemos\output\groundtruth\TUW-182414.pdf"")";"=HYPERLINK(""D:\Java\git\MethodDemosGit\MethodDemos\output\result\result-TUW-182414-xstream.xml"")";"=HYPERLINK(""D:\Java\git\MethodDemosGit\MethodDemos\output\extracted\grobid\grobid-TUW-182414-xstream.xml"")";"Zeitschriftenartikel";"100,00";"0,00";"NA";"NA";"80,00";"100,00";"100,00";"66,67";"40,00";"NA";"NA";"NA";"NA";"NA";"NA";"NA";"75,00";"85,71";"0,00";"70,59";"78,57";"63,29";"65,27"
"TUW-182899";"=HYPERLINK(""D:\Java\git\MethodDemosGit\MethodDemos\output\groundtruth\TUW-182899.pdf"")";"=HYPERLINK(""D:\Java\git\MethodDemosGit\MethodDemos\output\result\result-TUW-182899-xstream.xml"")";"=HYPERLINK(""D:\Java\git\MethodDemosGit\MethodDemos\output\extracted\grobid\grobid-TUW-182899-xstream.xml"")";"Zeitschriftenartikel";"0,00";"100,00";"NA";"57,14";"66,67";"66,67";"66,67";"66,67";"40,00";"NA";"NA";"NA";"NA";"NA";"NA";"NA";"91,67";"100,00";"0,00";"97,30";"75,39";"56,14";"62,73"
"TUW-185321";"=HYPERLINK(""D:\Java\git\MethodDemosGit\MethodDemos\output\groundtruth\TUW-185321.pdf"")";"=HYPERLINK(""D:\Java\git\MethodDemosGit\MethodDemos\output\result\result-TUW-185321-xstream.xml"")";"=HYPERLINK(""D:\Java\git\MethodDemosGit\MethodDemos\output\extracted\grobid\grobid-TUW-185321-xstream.xml"")";"Beiträge in Tagungsbänden";"100,00";"0,00";"NA";"NA";"40,00";"NA";"NA";"100,00";"40,00";"NA";"NA";"NA";"NA";"NA";"NA";"NA";"88,89";"NA";"0,00";"100,00";"55,83";"62,50";"58,61"
"TUW-185441";"=HYPERLINK(""D:\Java\git\MethodDemosGit\MethodDemos\output\groundtruth\TUW-185441.pdf"")";"=HYPERLINK(""D:\Java\git\MethodDemosGit\MethodDemos\output\result\result-TUW-185441-xstream.xml"")";"=HYPERLINK(""D:\Java\git\MethodDemosGit\MethodDemos\output\extracted\grobid\grobid-TUW-185441-xstream.xml"")";"Beiträge in Tagungsbänden";"100,00";"0,00";"NA";"NA";"100,00";"NA";"NA";"100,00";"100,00";"NA";"NA";"NA";"NA";"NA";"NA";"NA";"46,15";"0,00";"33,33";"100,00";"75,00";"63,10";"64,39"
"TUW-186227";"=HYPERLINK(""D:\Java\git\MethodDemosGit\MethodDemos\output\groundtruth\TUW-186227.pdf"")";"=HYPERLINK(""D:\Java\git\MethodDemosGit\MethodDemos\output\result\result-TUW-186227-xstream.xml"")";"=HYPERLINK(""D:\Java\git\MethodDemosGit\MethodDemos\output\extracted\grobid\grobid-TUW-186227-xstream.xml"")";"Beiträge in Tagungsbänden";"100,00";"0,00";"NA";"NA";"100,00";"NA";"NA";"100,00";"100,00";"NA";"NA";"NA";"NA";"NA";"NA";"NA";"40,00";"0,00";"50,00";"100,00";"74,11";"65,28";"65,56"
"TUW-189842";"=HYPERLINK(""D:\Java\git\MethodDemosGit\MethodDemos\output\groundtruth\TUW-189842.pdf"")";"=HYPERLINK(""D:\Java\git\MethodDemosGit\MethodDemos\output\result\result-TUW-189842-xstream.xml"")";"=HYPERLINK(""D:\Java\git\MethodDemosGit\MethodDemos\output\extracted\grobid\grobid-TUW-189842-xstream.xml"")";"Beiträge in Tagungsbänden";"0,00";"100,00";"NA";"0,00";"21,43";"0,00";"0,00";"18,18";"0,00";"0,00";"NA";"NA";"NA";"NA";"0,00";"NA";"75,00";"NA";"100,00";"88,89";"51,67";"31,25";"31,04"
"TUW-191715";"=HYPERLINK(""D:\Java\git\MethodDemosGit\MethodDemos\output\groundtruth\TUW-191715.pdf"")";"=HYPERLINK(""D:\Java\git\MethodDemosGit\MethodDemos\output\result\result-TUW-191715-xstream.xml"")";"=HYPERLINK(""D:\Java\git\MethodDemosGit\MethodDemos\output\extracted\grobid\grobid-TUW-191715-xstream.xml"")";"Zeitschriftenartikel";"100,00";"100,00";"NA";"72,73";"100,00";"NA";"NA";"100,00";"100,00";"NA";"NA";"NA";"NA";"NA";"NA";"NA";"92,68";"95,00";"22,22";"97,06";"87,90";"88,24";"87,97"
"TUW-191977";"=HYPERLINK(""D:\Java\git\MethodDemosGit\MethodDemos\output\groundtruth\TUW-191977.pdf"")";"=HYPERLINK(""D:\Java\git\MethodDemosGit\MethodDemos\output\result\result-TUW-191977-xstream.xml"")";"=HYPERLINK(""D:\Java\git\MethodDemosGit\MethodDemos\output\extracted\grobid\grobid-TUW-191977-xstream.xml"")";"Beiträge in Tagungsbänden";"100,00";"0,00";"NA";"NA";"100,00";"100,00";"100,00";"100,00";"100,00";"NA";"NA";"NA";"NA";"NA";"NA";"NA";"100,00";"100,00";"100,00";"100,00";"90,91";"90,91";"90,91"
"TUW-192724";"=HYPERLINK(""D:\Java\git\MethodDemosGit\MethodDemos\output\groundtruth\TUW-192724.pdf"")";"=HYPERLINK(""D:\Java\git\MethodDemosGit\MethodDemos\output\result\result-TUW-192724-xstream.xml"")";"=HYPERLINK(""D:\Java\git\MethodDemosGit\MethodDemos\output\extracted\grobid\grobid-TUW-192724-xstream.xml"")";"Beiträge in Tagungsbänden";"100,00";"100,00";"NA";"100,00";"100,00";"66,67";"66,67";"100,00";"75,00";"NA";"NA";"NA";"NA";"NA";"NA";"NA";"92,31";"100,00";"85,71";"100,00";"93,39";"91,67";"90,53"
"TUW-194085";"=HYPERLINK(""D:\Java\git\MethodDemosGit\MethodDemos\output\groundtruth\TUW-194085.pdf"")";"=HYPERLINK(""D:\Java\git\MethodDemosGit\MethodDemos\output\result\result-TUW-194085-xstream.xml"")";"=HYPERLINK(""D:\Java\git\MethodDemosGit\MethodDemos\output\extracted\grobid\grobid-TUW-194085-xstream.xml"")";"Diplom- oder Masterarbeiten";"0,00";"0,00";"0,00";"NA";"40,00";"NA";"NA";"100,00";"40,00";"NA";"NA";"NA";"NA";"NA";"0,00";"NA";"75,56";"81,03";"0,00";"97,14";"43,94";"51,35";"39,43"
"TUW-194561";"=HYPERLINK(""D:\Java\git\MethodDemosGit\MethodDemos\output\groundtruth\TUW-194561.pdf"")";"=HYPERLINK(""D:\Java\git\MethodDemosGit\MethodDemos\output\result\result-TUW-194561-xstream.xml"")";"=HYPERLINK(""D:\Java\git\MethodDemosGit\MethodDemos\output\extracted\grobid\grobid-TUW-194561-xstream.xml"")";"Zeitschriftenartikel";"100,00";"100,00";"NA";"NA";"100,00";"NA";"NA";"0,00";"0,00";"0,00";"0,00";"NA";"100,00";"100,00";"0,00";"100,00";"85,71";"100,00";"72,73";"100,00";"78,47";"70,00";"63,90"
"TUW-194660";"=HYPERLINK(""D:\Java\git\MethodDemosGit\MethodDemos\output\groundtruth\TUW-194660.pdf"")";"=HYPERLINK(""D:\Java\git\MethodDemosGit\MethodDemos\output\result\result-TUW-194660-xstream.xml"")";"=HYPERLINK(""D:\Java\git\MethodDemosGit\MethodDemos\output\extracted\grobid\grobid-TUW-194660-xstream.xml"")";"Beiträge in Tagungsbänden";"100,00";"100,00";"NA";"NA";"100,00";"NA";"NA";"100,00";"100,00";"NA";"NA";"NA";"NA";"NA";"NA";"NA";"44,44";"0,00";"0,00";"57,14";"66,05";"68,89";"66,84"
"TUW-197422";"=HYPERLINK(""D:\Java\git\MethodDemosGit\MethodDemos\output\groundtruth\TUW-197422.pdf"")";"=HYPERLINK(""D:\Java\git\MethodDemosGit\MethodDemos\output\result\result-TUW-197422-xstream.xml"")";"=HYPERLINK(""D:\Java\git\MethodDemosGit\MethodDemos\output\extracted\grobid\grobid-TUW-197422-xstream.xml"")";"Beiträge in Tagungsbänden";"100,00";"100,00";"NA";"NA";"100,00";"NA";"NA";"50,00";"50,00";"100,00";"NA";"NA";"NA";"NA";"0,00";"NA";"90,00";"94,74";"0,00";"89,36";"88,89";"68,42";"70,37"
"TUW-197852";"=HYPERLINK(""D:\Java\git\MethodDemosGit\MethodDemos\output\groundtruth\TUW-197852.pdf"")";"=HYPERLINK(""D:\Java\git\MethodDemosGit\MethodDemos\output\result\result-TUW-197852-xstream.xml"")";"=HYPERLINK(""D:\Java\git\MethodDemosGit\MethodDemos\output\extracted\grobid\grobid-TUW-197852-xstream.xml"")";"Zeitschriftenartikel";"0,00";"100,00";"NA";"0,00";"50,00";"NA";"NA";"100,00";"66,67";"100,00";"100,00";"NA";"NA";"NA";"0,00";"NA";"100,00";"100,00";"0,00";"100,00";"78,33";"69,23";"62,82"
"TUW-198400";"=HYPERLINK(""D:\Java\git\MethodDemosGit\MethodDemos\output\groundtruth\TUW-198400.pdf"")";"=HYPERLINK(""D:\Java\git\MethodDemosGit\MethodDemos\output\result\result-TUW-198400-xstream.xml"")";"=HYPERLINK(""D:\Java\git\MethodDemosGit\MethodDemos\output\extracted\grobid\grobid-TUW-198400-xstream.xml"")";"Beiträge in Tagungsbänden";"100,00";"100,00";"NA";"NA";"100,00";"100,00";"100,00";"66,67";"66,67";"NA";"NA";"NA";"NA";"NA";"NA";"NA";"91,67";"100,00";"57,14";"98,18";"93,18";"86,80";"89,12"
"TUW-198401";"=HYPERLINK(""D:\Java\git\MethodDemosGit\MethodDemos\output\groundtruth\TUW-198401.pdf"")";"=HYPERLINK(""D:\Java\git\MethodDemosGit\MethodDemos\output\result\result-TUW-198401-xstream.xml"")";"=HYPERLINK(""D:\Java\git\MethodDemosGit\MethodDemos\output\extracted\grobid\grobid-TUW-198401-xstream.xml"")";"Beiträge in Tagungsbänden";"100,00";"100,00";"NA";"100,00";"100,00";"100,00";"100,00";"100,00";"100,00";"NA";"NA";"NA";"NA";"NA";"NA";"NA";"80,00";"80,00";"100,00";"90,91";"100,00";"93,06";"95,91"
"TUW-198405";"=HYPERLINK(""D:\Java\git\MethodDemosGit\MethodDemos\output\groundtruth\TUW-198405.pdf"")";"=HYPERLINK(""D:\Java\git\MethodDemosGit\MethodDemos\output\result\result-TUW-198405-xstream.xml"")";"=HYPERLINK(""D:\Java\git\MethodDemosGit\MethodDemos\output\extracted\grobid\grobid-TUW-198405-xstream.xml"")";"Beiträge in Tagungsbänden";"100,00";"100,00";"NA";"NA";"100,00";"0,00";"0,00";"0,00";"0,00";"NA";"NA";"NA";"NA";"NA";"NA";"NA";"90,91";"90,91";"100,00";"100,00";"100,00";"60,61";"61,98"
"TUW-198408";"=HYPERLINK(""D:\Java\git\MethodDemosGit\MethodDemos\output\groundtruth\TUW-198408.pdf"")";"=HYPERLINK(""D:\Java\git\MethodDemosGit\MethodDemos\output\result\result-TUW-198408-xstream.xml"")";"=HYPERLINK(""D:\Java\git\MethodDemosGit\MethodDemos\output\extracted\grobid\grobid-TUW-198408-xstream.xml"")";"Beiträge in Tagungsbänden";"100,00";"100,00";"NA";"NA";"100,00";"100,00";"100,00";"50,00";"50,00";"NA";"NA";"NA";"NA";"NA";"NA";"NA";"80,00";"85,71";"0,00";"98,11";"86,07";"78,88";"78,53"
"TUW-200745";"=HYPERLINK(""D:\Java\git\MethodDemosGit\MethodDemos\output\groundtruth\TUW-200745.pdf"")";"=HYPERLINK(""D:\Java\git\MethodDemosGit\MethodDemos\output\result\result-TUW-200745-xstream.xml"")";"=HYPERLINK(""D:\Java\git\MethodDemosGit\MethodDemos\output\extracted\grobid\grobid-TUW-200745-xstream.xml"")";"Diplom- oder Masterarbeiten";"0,00";"0,00";"0,00";"NA";"66,67";"NA";"NA";"100,00";"66,67";"NA";"NA";"NA";"NA";"NA";"0,00";"NA";"46,43";"40,00";"0,00";"82,05";"44,32";"42,29";"36,53"
"TUW-200748";"=HYPERLINK(""D:\Java\git\MethodDemosGit\MethodDemos\output\groundtruth\TUW-200748.pdf"")";"=HYPERLINK(""D:\Java\git\MethodDemosGit\MethodDemos\output\result\result-TUW-200748-xstream.xml"")";"=HYPERLINK(""D:\Java\git\MethodDemosGit\MethodDemos\output\extracted\grobid\grobid-TUW-200748-xstream.xml"")";"Diplom- oder Masterarbeiten";"0,00";"0,00";"0,00";"NA";"50,00";"NA";"NA";"100,00";"66,67";"NA";"NA";"NA";"NA";"NA";"0,00";"NA";"81,19";"86,27";"86,49";"100,00";"61,86";"57,95";"51,87"
"TUW-200948";"=HYPERLINK(""D:\Java\git\MethodDemosGit\MethodDemos\output\groundtruth\TUW-200948.pdf"")";"=HYPERLINK(""D:\Java\git\MethodDemosGit\MethodDemos\output\result\result-TUW-200948-xstream.xml"")";"=HYPERLINK(""D:\Java\git\MethodDemosGit\MethodDemos\output\extracted\grobid\grobid-TUW-200948-xstream.xml"")";"Zeitschriftenartikel";"100,00";"100,00";"NA";"NA";"100,00";"100,00";"100,00";"100,00";"100,00";"NA";"NA";"NA";"NA";"NA";"NA";"NA";"90,91";"100,00";"100,00";"100,00";"100,00";"98,48";"99,17"
"TUW-200950";"=HYPERLINK(""D:\Java\git\MethodDemosGit\MethodDemos\output\groundtruth\TUW-200950.pdf"")";"=HYPERLINK(""D:\Java\git\MethodDemosGit\MethodDemos\output\result\result-TUW-200950-xstream.xml"")";"=HYPERLINK(""D:\Java\git\MethodDemosGit\MethodDemos\output\extracted\grobid\grobid-TUW-200950-xstream.xml"")";"Zeitschriftenartikel";"100,00";"100,00";"NA";"0,00";"100,00";"80,00";"80,00";"100,00";"100,00";"NA";"NA";"NA";"NA";"NA";"NA";"NA";"73,68";"100,00";"0,00";"100,00";"88,18";"82,83";"77,81"
"TUW-200959";"=HYPERLINK(""D:\Java\git\MethodDemosGit\MethodDemos\output\groundtruth\TUW-200959.pdf"")";"=HYPERLINK(""D:\Java\git\MethodDemosGit\MethodDemos\output\result\result-TUW-200959-xstream.xml"")";"=HYPERLINK(""D:\Java\git\MethodDemosGit\MethodDemos\output\extracted\grobid\grobid-TUW-200959-xstream.xml"")";"Zeitschriftenartikel";"100,00";"100,00";"NA";"NA";"100,00";"NA";"NA";"100,00";"100,00";"NA";"NA";"NA";"NA";"NA";"0,00";"NA";"78,26";"94,74";"66,67";"100,00";"92,41";"85,14";"83,97"
"TUW-201066";"=HYPERLINK(""D:\Java\git\MethodDemosGit\MethodDemos\output\groundtruth\TUW-201066.pdf"")";"=HYPERLINK(""D:\Java\git\MethodDemosGit\MethodDemos\output\result\result-TUW-201066-xstream.xml"")";"=HYPERLINK(""D:\Java\git\MethodDemosGit\MethodDemos\output\extracted\grobid\grobid-TUW-201066-xstream.xml"")";"Beiträge in Tagungsbänden";"100,00";"NA";"NA";"NA";"100,00";"NA";"NA";"66,67";"0,00";"NA";"NA";"NA";"NA";"NA";"NA";"NA";"100,00";"100,00";"100,00";"100,00";"81,25";"87,50";"83,33"
"TUW-201160";"=HYPERLINK(""D:\Java\git\MethodDemosGit\MethodDemos\output\groundtruth\TUW-201160.pdf"")";"=HYPERLINK(""D:\Java\git\MethodDemosGit\MethodDemos\output\result\result-TUW-201160-xstream.xml"")";"=HYPERLINK(""D:\Java\git\MethodDemosGit\MethodDemos\output\extracted\grobid\grobid-TUW-201160-xstream.xml"")";"Beiträge in Tagungsbänden";"100,00";"NA";"NA";"NA";"100,00";"NA";"NA";"66,67";"0,00";"NA";"NA";"NA";"NA";"NA";"NA";"NA";"100,00";"100,00";"100,00";"100,00";"81,25";"87,50";"83,33"
"TUW-201167";"=HYPERLINK(""D:\Java\git\MethodDemosGit\MethodDemos\output\groundtruth\TUW-201167.pdf"")";"=HYPERLINK(""D:\Java\git\MethodDemosGit\MethodDemos\output\result\result-TUW-201167-xstream.xml"")";"=HYPERLINK(""D:\Java\git\MethodDemosGit\MethodDemos\output\extracted\grobid\grobid-TUW-201167-xstream.xml"")";"Beiträge in Tagungsbänden";"100,00";"NA";"NA";"NA";"100,00";"0,00";"0,00";"100,00";"100,00";"NA";"NA";"NA";"NA";"NA";"NA";"NA";"80,00";"80,00";"66,67";"100,00";"80,00";"85,42";"72,67"
"TUW-201821";"=HYPERLINK(""D:\Java\git\MethodDemosGit\MethodDemos\output\groundtruth\TUW-201821.pdf"")";"=HYPERLINK(""D:\Java\git\MethodDemosGit\MethodDemos\output\result\result-TUW-201821-xstream.xml"")";"=HYPERLINK(""D:\Java\git\MethodDemosGit\MethodDemos\output\extracted\grobid\grobid-TUW-201821-xstream.xml"")";"Beiträge in Tagungsbänden";"100,00";"100,00";"NA";"NA";"100,00";"100,00";"100,00";"100,00";"100,00";"NA";"NA";"NA";"NA";"NA";"0,00";"NA";"90,91";"100,00";"100,00";"100,00";"98,48";"91,67";"90,91"
"TUW-202034";"=HYPERLINK(""D:\Java\git\MethodDemosGit\MethodDemos\output\groundtruth\TUW-202034.pdf"")";"=HYPERLINK(""D:\Java\git\MethodDemosGit\MethodDemos\output\result\result-TUW-202034-xstream.xml"")";"=HYPERLINK(""D:\Java\git\MethodDemosGit\MethodDemos\output\extracted\grobid\grobid-TUW-202034-xstream.xml"")";"Diplom- oder Masterarbeiten";"0,00";"0,00";"0,00";"NA";"40,00";"NA";"NA";"0,00";"0,00";"NA";"NA";"NA";"NA";"NA";"0,00";"NA";"76,80";"71,43";"87,50";"100,00";"40,95";"39,21";"34,16"
"TUW-202824";"=HYPERLINK(""D:\Java\git\MethodDemosGit\MethodDemos\output\groundtruth\TUW-202824.pdf"")";"=HYPERLINK(""D:\Java\git\MethodDemosGit\MethodDemos\output\result\result-TUW-202824-xstream.xml"")";"=HYPERLINK(""D:\Java\git\MethodDemosGit\MethodDemos\output\extracted\grobid\grobid-TUW-202824-xstream.xml"")";"Beiträge in Tagungsbänden";"100,00";"100,00";"NA";"NA";"66,67";"100,00";"100,00";"100,00";"66,67";"NA";"NA";"NA";"NA";"NA";"NA";"NA";"NA";"NA";"NA";"100,00";"91,67";"91,67";"91,67"
"TUW-203409";"=HYPERLINK(""D:\Java\git\MethodDemosGit\MethodDemos\output\groundtruth\TUW-203409.pdf"")";"=HYPERLINK(""D:\Java\git\MethodDemosGit\MethodDemos\output\result\result-TUW-203409-xstream.xml"")";"=HYPERLINK(""D:\Java\git\MethodDemosGit\MethodDemos\output\extracted\grobid\grobid-TUW-203409-xstream.xml"")";"Beiträge in Tagungsbänden";"100,00";"100,00";"NA";"100,00";"100,00";"NA";"NA";"100,00";"100,00";"NA";"NA";"NA";"NA";"NA";"NA";"NA";"100,00";"100,00";"NA";"NA";"100,00";"100,00";"100,00"
"TUW-203924";"=HYPERLINK(""D:\Java\git\MethodDemosGit\MethodDemos\output\groundtruth\TUW-203924.pdf"")";"=HYPERLINK(""D:\Java\git\MethodDemosGit\MethodDemos\output\result\result-TUW-203924-xstream.xml"")";"=HYPERLINK(""D:\Java\git\MethodDemosGit\MethodDemos\output\extracted\grobid\grobid-TUW-203924-xstream.xml"")";"Beiträge in Tagungsbänden";"100,00";"100,00";"NA";"100,00";"100,00";"NA";"NA";"100,00";"100,00";"NA";"NA";"NA";"NA";"NA";"NA";"NA";"100,00";"100,00";"100,00";"90,91";"99,09";"99,09";"99,09"
"TUW-204724";"=HYPERLINK(""D:\Java\git\MethodDemosGit\MethodDemos\output\groundtruth\TUW-204724.pdf"")";"=HYPERLINK(""D:\Java\git\MethodDemosGit\MethodDemos\output\result\result-TUW-204724-xstream.xml"")";"=HYPERLINK(""D:\Java\git\MethodDemosGit\MethodDemos\output\extracted\grobid\grobid-TUW-204724-xstream.xml"")";"Zeitschriftenartikel";"100,00";"0,00";"NA";"0,00";"100,00";"100,00";"100,00";"100,00";"100,00";"NA";"NA";"NA";"NA";"NA";"NA";"NA";"35,29";"75,00";"0,00";"0,00";"77,78";"61,25";"59,19"
"TUW-205557";"=HYPERLINK(""D:\Java\git\MethodDemosGit\MethodDemos\output\groundtruth\TUW-205557.pdf"")";"=HYPERLINK(""D:\Java\git\MethodDemosGit\MethodDemos\output\result\result-TUW-205557-xstream.xml"")";"=HYPERLINK(""D:\Java\git\MethodDemosGit\MethodDemos\output\extracted\grobid\grobid-TUW-205557-xstream.xml"")";"Beiträge in Tagungsbänden";"100,00";"100,00";"NA";"NA";"0,00";"NA";"NA";"0,00";"0,00";"0,00";"NA";"NA";"NA";"NA";"NA";"NA";"NA";"NA";"NA";"66,67";"50,00";"50,00";"38,10"
"TUW-205933";"=HYPERLINK(""D:\Java\git\MethodDemosGit\MethodDemos\output\groundtruth\TUW-205933.pdf"")";"=HYPERLINK(""D:\Java\git\MethodDemosGit\MethodDemos\output\result\result-TUW-205933-xstream.xml"")";"=HYPERLINK(""D:\Java\git\MethodDemosGit\MethodDemos\output\extracted\grobid\grobid-TUW-205933-xstream.xml"")";"Zeitschriftenartikel";"0,00";"100,00";"NA";"100,00";"100,00";"NA";"NA";"NA";"NA";"0,00";"NA";"NA";"NA";"NA";"NA";"NA";"100,00";"NA";"0,00";"47,06";"68,57";"54,17";"55,88"
"TUW-213513";"=HYPERLINK(""D:\Java\git\MethodDemosGit\MethodDemos\output\groundtruth\TUW-213513.pdf"")";"=HYPERLINK(""D:\Java\git\MethodDemosGit\MethodDemos\output\result\result-TUW-213513-xstream.xml"")";"=HYPERLINK(""D:\Java\git\MethodDemosGit\MethodDemos\output\extracted\grobid\grobid-TUW-213513-xstream.xml"")";"Beiträge in Tagungsbänden";"100,00";"NA";"NA";"NA";"100,00";"100,00";"100,00";"66,67";"66,67";"NA";"NA";"NA";"NA";"NA";"NA";"NA";"100,00";"100,00";"100,00";"100,00";"90,00";"100,00";"93,33"
"TUW-216744";"=HYPERLINK(""D:\Java\git\MethodDemosGit\MethodDemos\output\groundtruth\TUW-216744.pdf"")";"=HYPERLINK(""D:\Java\git\MethodDemosGit\MethodDemos\output\result\result-TUW-216744-xstream.xml"")";"=HYPERLINK(""D:\Java\git\MethodDemosGit\MethodDemos\output\extracted\grobid\grobid-TUW-216744-xstream.xml"")";"Beiträge in Tagungsbänden";"100,00";"0,00";"NA";"100,00";"0,00";"NA";"NA";"0,00";"0,00";"0,00";"NA";"NA";"NA";"NA";"0,00";"NA";"100,00";"100,00";"100,00";"100,00";"66,67";"50,00";"50,00"
"TUW-217690";"=HYPERLINK(""D:\Java\git\MethodDemosGit\MethodDemos\output\groundtruth\TUW-217690.pdf"")";"=HYPERLINK(""D:\Java\git\MethodDemosGit\MethodDemos\output\result\result-TUW-217690-xstream.xml"")";"=HYPERLINK(""D:\Java\git\MethodDemosGit\MethodDemos\output\extracted\grobid\grobid-TUW-217690-xstream.xml"")";"Beiträge in Tagungsbänden";"100,00";"0,00";"NA";"0,00";"100,00";"NA";"NA";"100,00";"100,00";"NA";"NA";"NA";"NA";"NA";"NA";"NA";"66,67";"80,00";"50,00";"100,00";"89,58";"68,33";"69,67"
"TUW-217971";"=HYPERLINK(""D:\Java\git\MethodDemosGit\MethodDemos\output\groundtruth\TUW-217971.pdf"")";"=HYPERLINK(""D:\Java\git\MethodDemosGit\MethodDemos\output\result\result-TUW-217971-xstream.xml"")";"=HYPERLINK(""D:\Java\git\MethodDemosGit\MethodDemos\output\extracted\grobid\grobid-TUW-217971-xstream.xml"")";"Beiträge in Tagungsbänden";"100,00";"0,00";"NA";"NA";"100,00";"NA";"NA";"66,67";"50,00";"NA";"NA";"NA";"NA";"NA";"NA";"NA";"85,71";"88,89";"18,18";"100,00";"63,78";"77,28";"67,72"
"TUW-221215";"=HYPERLINK(""D:\Java\git\MethodDemosGit\MethodDemos\output\groundtruth\TUW-221215.pdf"")";"=HYPERLINK(""D:\Java\git\MethodDemosGit\MethodDemos\output\result\result-TUW-221215-xstream.xml"")";"=HYPERLINK(""D:\Java\git\MethodDemosGit\MethodDemos\output\extracted\grobid\grobid-TUW-221215-xstream.xml"")";"Diplom- oder Masterarbeiten";"0,00";"0,00";"0,00";"NA";"80,00";"NA";"NA";"100,00";"66,67";"NA";"NA";"NA";"NA";"NA";"0,00";"NA";"57,83";"80,00";"75,86";"93,75";"56,51";"57,97";"50,37"
"TUW-223906";"=HYPERLINK(""D:\Java\git\MethodDemosGit\MethodDemos\output\groundtruth\TUW-223906.pdf"")";"=HYPERLINK(""D:\Java\git\MethodDemosGit\MethodDemos\output\result\result-TUW-223906-xstream.xml"")";"=HYPERLINK(""D:\Java\git\MethodDemosGit\MethodDemos\output\extracted\grobid\grobid-TUW-223906-xstream.xml"")";"Beiträge in Tagungsbänden";"100,00";"100,00";"NA";"NA";"100,00";"80,00";"80,00";"80,00";"0,00";"0,00";"NA";"NA";"NA";"NA";"0,00";"NA";"93,33";"93,33";"0,00";"90,91";"80,30";"59,62";"62,89"
"TUW-223973";"=HYPERLINK(""D:\Java\git\MethodDemosGit\MethodDemos\output\groundtruth\TUW-223973.pdf"")";"=HYPERLINK(""D:\Java\git\MethodDemosGit\MethodDemos\output\result\result-TUW-223973-xstream.xml"")";"=HYPERLINK(""D:\Java\git\MethodDemosGit\MethodDemos\output\extracted\grobid\grobid-TUW-223973-xstream.xml"")";"Buchbeiträge";"100,00";"100,00";"NA";"80,00";"100,00";"NA";"NA";"100,00";"100,00";"NA";"NA";"NA";"NA";"NA";"NA";"NA";"94,74";"100,00";"100,00";"100,00";"97,00";"98,00";"97,47"
"TUW-225252";"=HYPERLINK(""D:\Java\git\MethodDemosGit\MethodDemos\output\groundtruth\TUW-225252.pdf"")";"=HYPERLINK(""D:\Java\git\MethodDemosGit\MethodDemos\output\result\result-TUW-225252-xstream.xml"")";"=HYPERLINK(""D:\Java\git\MethodDemosGit\MethodDemos\output\extracted\grobid\grobid-TUW-225252-xstream.xml"")";"Beiträge in Tagungsbänden";"100,00";"NA";"NA";"NA";"100,00";"NA";"NA";"66,67";"0,00";"NA";"NA";"NA";"NA";"NA";"NA";"NA";"50,00";"50,00";"66,67";"100,00";"81,25";"64,58";"66,67"
"TUW-226000";"=HYPERLINK(""D:\Java\git\MethodDemosGit\MethodDemos\output\groundtruth\TUW-226000.pdf"")";"=HYPERLINK(""D:\Java\git\MethodDemosGit\MethodDemos\output\result\result-TUW-226000-xstream.xml"")";"=HYPERLINK(""D:\Java\git\MethodDemosGit\MethodDemos\output\extracted\grobid\grobid-TUW-226000-xstream.xml"")";"Beiträge in Tagungsbänden";"100,00";"100,00";"NA";"100,00";"100,00";"NA";"NA";"50,00";"28,57";"NA";"NA";"NA";"NA";"NA";"NA";"NA";"90,91";"100,00";"100,00";"100,00";"86,67";"87,50";"86,95"
"TUW-226016";"=HYPERLINK(""D:\Java\git\MethodDemosGit\MethodDemos\output\groundtruth\TUW-226016.pdf"")";"=HYPERLINK(""D:\Java\git\MethodDemosGit\MethodDemos\output\result\result-TUW-226016-xstream.xml"")";"=HYPERLINK(""D:\Java\git\MethodDemosGit\MethodDemos\output\extracted\grobid\grobid-TUW-226016-xstream.xml"")";"Diplom- oder Masterarbeiten";"0,00";"0,00";"0,00";"NA";"25,00";"NA";"NA";"100,00";"25,00";"NA";"NA";"NA";"NA";"NA";"0,00";"NA";"83,33";"90,91";"0,00";"30,34";"39,89";"52,41";"32,23"
"TUW-228620";"=HYPERLINK(""D:\Java\git\MethodDemosGit\MethodDemos\output\groundtruth\TUW-228620.pdf"")";"=HYPERLINK(""D:\Java\git\MethodDemosGit\MethodDemos\output\result\result-TUW-228620-xstream.xml"")";"=HYPERLINK(""D:\Java\git\MethodDemosGit\MethodDemos\output\extracted\grobid\grobid-TUW-228620-xstream.xml"")";"Zeitschriftenartikel";"100,00";"100,00";"NA";"0,00";"100,00";"0,00";"0,00";"85,71";"0,00";"100,00";"0,00";"0,00";"0,00";"0,00";"NA";"100,00";"76,92";"NA";"40,00";"94,51";"60,25";"58,95";"46,89"
"TUW-231707";"=HYPERLINK(""D:\Java\git\MethodDemosGit\MethodDemos\output\groundtruth\TUW-231707.pdf"")";"=HYPERLINK(""D:\Java\git\MethodDemosGit\MethodDemos\output\result\result-TUW-231707-xstream.xml"")";"=HYPERLINK(""D:\Java\git\MethodDemosGit\MethodDemos\output\extracted\grobid\grobid-TUW-231707-xstream.xml"")";"Buchbeiträge";"100,00";"100,00";"NA";"NA";"100,00";"NA";"NA";"100,00";"100,00";"NA";"NA";"NA";"NA";"NA";"NA";"NA";"91,67";"95,65";"0,00";"0,00";"98,81";"75,93";"76,37"
"TUW-233317";"=HYPERLINK(""D:\Java\git\MethodDemosGit\MethodDemos\output\groundtruth\TUW-233317.pdf"")";"=HYPERLINK(""D:\Java\git\MethodDemosGit\MethodDemos\output\result\result-TUW-233317-xstream.xml"")";"=HYPERLINK(""D:\Java\git\MethodDemosGit\MethodDemos\output\extracted\grobid\grobid-TUW-233317-xstream.xml"")";"Beiträge in Tagungsbänden";"100,00";"100,00";"NA";"83,33";"75,00";"100,00";"0,00";"100,00";"75,00";"NA";"NA";"NA";"NA";"NA";"NA";"NA";"100,00";"100,00";"100,00";"100,00";"86,11";"86,11";"86,11"
"TUW-233657";"=HYPERLINK(""D:\Java\git\MethodDemosGit\MethodDemos\output\groundtruth\TUW-233657.pdf"")";"=HYPERLINK(""D:\Java\git\MethodDemosGit\MethodDemos\output\result\result-TUW-233657-xstream.xml"")";"=HYPERLINK(""D:\Java\git\MethodDemosGit\MethodDemos\output\extracted\grobid\grobid-TUW-233657-xstream.xml"")";"Beiträge in Tagungsbänden";"100,00";"100,00";"NA";"66,67";"100,00";"0,00";"0,00";"0,00";"0,00";"NA";"NA";"NA";"NA";"NA";"NA";"NA";"94,12";"100,00";"100,00";"100,00";"95,83";"62,96";"63,40"
"TUW-236063";"=HYPERLINK(""D:\Java\git\MethodDemosGit\MethodDemos\output\groundtruth\TUW-236063.pdf"")";"=HYPERLINK(""D:\Java\git\MethodDemosGit\MethodDemos\output\result\result-TUW-236063-xstream.xml"")";"=HYPERLINK(""D:\Java\git\MethodDemosGit\MethodDemos\output\extracted\grobid\grobid-TUW-236063-xstream.xml"")";"Beiträge in Tagungsbänden";"100,00";"100,00";"NA";"NA";"100,00";"NA";"NA";"66,67";"0,00";"NA";"NA";"NA";"NA";"NA";"NA";"NA";"50,00";"0,00";"0,00";"85,71";"71,88";"53,70";"55,82"
"TUW-236120";"=HYPERLINK(""D:\Java\git\MethodDemosGit\MethodDemos\output\groundtruth\TUW-236120.pdf"")";"=HYPERLINK(""D:\Java\git\MethodDemosGit\MethodDemos\output\result\result-TUW-236120-xstream.xml"")";"=HYPERLINK(""D:\Java\git\MethodDemosGit\MethodDemos\output\extracted\grobid\grobid-TUW-236120-xstream.xml"")";"Beiträge in Tagungsbänden";"100,00";"100,00";"NA";"0,00";"100,00";"100,00";"100,00";"100,00";"100,00";"NA";"NA";"NA";"NA";"NA";"NA";"NA";"71,43";"90,91";"11,11";"83,33";"87,44";"79,73";"79,73"
"TUW-237297";"=HYPERLINK(""D:\Java\git\MethodDemosGit\MethodDemos\output\groundtruth\TUW-237297.pdf"")";"=HYPERLINK(""D:\Java\git\MethodDemosGit\MethodDemos\output\result\result-TUW-237297-xstream.xml"")";"=HYPERLINK(""D:\Java\git\MethodDemosGit\MethodDemos\output\extracted\grobid\grobid-TUW-237297-xstream.xml"")";"Beiträge in Tagungsbänden";"100,00";"0,00";"NA";"75,00";"100,00";"NA";"NA";"NA";"NA";"0,00";"NA";"NA";"NA";"NA";"NA";"NA";"66,67";"NA";"40,00";"88,89";"66,27";"62,15";"58,82"
"TUW-240858";"=HYPERLINK(""D:\Java\git\MethodDemosGit\MethodDemos\output\groundtruth\TUW-240858.pdf"")";"=HYPERLINK(""D:\Java\git\MethodDemosGit\MethodDemos\output\result\result-TUW-240858-xstream.xml"")";"=HYPERLINK(""D:\Java\git\MethodDemosGit\MethodDemos\output\extracted\grobid\grobid-TUW-240858-xstream.xml"")";"Beiträge in Tagungsbänden";"100,00";"100,00";"NA";"NA";"100,00";"100,00";"100,00";"100,00";"100,00";"NA";"NA";"NA";"NA";"NA";"NA";"NA";"66,67";"66,67";"66,67";"100,00";"100,00";"86,36";"90,91"
"TUW-245336";"=HYPERLINK(""D:\Java\git\MethodDemosGit\MethodDemos\output\groundtruth\TUW-245336.pdf"")";"=HYPERLINK(""D:\Java\git\MethodDemosGit\MethodDemos\output\result\result-TUW-245336-xstream.xml"")";"=HYPERLINK(""D:\Java\git\MethodDemosGit\MethodDemos\output\extracted\grobid\grobid-TUW-245336-xstream.xml"")";"Buchbeiträge";"100,00";"100,00";"NA";"NA";"100,00";"NA";"NA";"NA";"NA";"NA";"NA";"NA";"NA";"NA";"NA";"NA";"85,71";"85,71";"40,00";"97,78";"92,86";"82,71";"87,03"
"TUW-245799";"=HYPERLINK(""D:\Java\git\MethodDemosGit\MethodDemos\output\groundtruth\TUW-245799.pdf"")";"=HYPERLINK(""D:\Java\git\MethodDemosGit\MethodDemos\output\result\result-TUW-245799-xstream.xml"")";"=HYPERLINK(""D:\Java\git\MethodDemosGit\MethodDemos\output\extracted\grobid\grobid-TUW-245799-xstream.xml"")";"Zeitschriftenartikel";"100,00";"100,00";"NA";"100,00";"0,00";"0,00";"0,00";"0,00";"0,00";"NA";"NA";"NA";"NA";"NA";"0,00";"NA";"78,26";"100,00";"66,67";"87,50";"86,72";"51,15";"48,65"
"TUW-247301";"=HYPERLINK(""D:\Java\git\MethodDemosGit\MethodDemos\output\groundtruth\TUW-247301.pdf"")";"=HYPERLINK(""D:\Java\git\MethodDemosGit\MethodDemos\output\result\result-TUW-247301-xstream.xml"")";"=HYPERLINK(""D:\Java\git\MethodDemosGit\MethodDemos\output\extracted\grobid\grobid-TUW-247301-xstream.xml"")";"Beiträge in Tagungsbänden";"100,00";"NA";"NA";"NA";"100,00";"100,00";"100,00";"85,71";"85,71";"NA";"NA";"NA";"NA";"NA";"NA";"NA";"100,00";"100,00";"100,00";"100,00";"95,00";"100,00";"97,14"
"TUW-247741";"=HYPERLINK(""D:\Java\git\MethodDemosGit\MethodDemos\output\groundtruth\TUW-247741.pdf"")";"=HYPERLINK(""D:\Java\git\MethodDemosGit\MethodDemos\output\result\result-TUW-247741-xstream.xml"")";"=HYPERLINK(""D:\Java\git\MethodDemosGit\MethodDemos\output\extracted\grobid\grobid-TUW-247741-xstream.xml"")";"Beiträge in Tagungsbänden";"100,00";"100,00";"NA";"33,33";"100,00";"NA";"NA";"66,67";"100,00";"0,00";"NA";"NA";"NA";"NA";"0,00";"NA";"85,71";"85,71";"0,00";"100,00";"81,33";"62,25";"64,29"
"TUW-247743";"=HYPERLINK(""D:\Java\git\MethodDemosGit\MethodDemos\output\groundtruth\TUW-247743.pdf"")";"=HYPERLINK(""D:\Java\git\MethodDemosGit\MethodDemos\output\result\result-TUW-247743-xstream.xml"")";"=HYPERLINK(""D:\Java\git\MethodDemosGit\MethodDemos\output\extracted\grobid\grobid-TUW-247743-xstream.xml"")";"Diplom- oder Masterarbeiten";"100,00";"0,00";"0,00";"NA";"40,00";"NA";"NA";"100,00";"40,00";"NA";"NA";"NA";"NA";"NA";"0,00";"NA";"75,36";"84,62";"0,00";"70,59";"67,33";"53,85";"46,42"
"TUW-251544";"=HYPERLINK(""D:\Java\git\MethodDemosGit\MethodDemos\output\groundtruth\TUW-251544.pdf"")";"=HYPERLINK(""D:\Java\git\MethodDemosGit\MethodDemos\output\result\result-TUW-251544-xstream.xml"")";"=HYPERLINK(""D:\Java\git\MethodDemosGit\MethodDemos\output\extracted\grobid\grobid-TUW-251544-xstream.xml"")";"Zeitschriftenartikel";"100,00";"100,00";"NA";"100,00";"100,00";"0,00";"0,00";"0,00";"0,00";"NA";"NA";"NA";"NA";"NA";"NA";"NA";"93,33";"93,33";"0,00";"76,19";"97,14";"53,98";"55,24"
"TUW-252847";"=HYPERLINK(""D:\Java\git\MethodDemosGit\MethodDemos\output\groundtruth\TUW-252847.pdf"")";"=HYPERLINK(""D:\Java\git\MethodDemosGit\MethodDemos\output\result\result-TUW-252847-xstream.xml"")";"=HYPERLINK(""D:\Java\git\MethodDemosGit\MethodDemos\output\extracted\grobid\grobid-TUW-252847-xstream.xml"")";"Beiträge in Tagungsbänden";"100,00";"100,00";"NA";"NA";"66,67";"60,00";"40,00";"100,00";"0,00";"0,00";"NA";"NA";"NA";"NA";"0,00";"NA";"93,33";"100,00";"33,33";"100,00";"73,11";"61,54";"61,03"
"TUW-255712";"=HYPERLINK(""D:\Java\git\MethodDemosGit\MethodDemos\output\groundtruth\TUW-255712.pdf"")";"=HYPERLINK(""D:\Java\git\MethodDemosGit\MethodDemos\output\result\result-TUW-255712-xstream.xml"")";"=HYPERLINK(""D:\Java\git\MethodDemosGit\MethodDemos\output\extracted\grobid\grobid-TUW-255712-xstream.xml"")";"Beiträge in Tagungsbänden";"100,00";"0,00";"NA";"NA";"100,00";"NA";"NA";"100,00";"100,00";"NA";"NA";"NA";"NA";"NA";"NA";"NA";"0,00";"NA";"0,00";"87,50";"81,88";"60,50";"60,94"
"TUW-256654";"=HYPERLINK(""D:\Java\git\MethodDemosGit\MethodDemos\output\groundtruth\TUW-256654.pdf"")";"=HYPERLINK(""D:\Java\git\MethodDemosGit\MethodDemos\output\result\result-TUW-256654-xstream.xml"")";"=HYPERLINK(""D:\Java\git\MethodDemosGit\MethodDemos\output\extracted\grobid\grobid-TUW-256654-xstream.xml"")";"Beiträge in Tagungsbänden";"100,00";"0,00";"NA";"NA";"100,00";"0,00";"0,00";"0,00";"0,00";"NA";"NA";"NA";"NA";"NA";"NA";"NA";"77,78";"93,33";"0,00";"0,00";"52,86";"34,09";"33,74"
"TUW-257397";"=HYPERLINK(""D:\Java\git\MethodDemosGit\MethodDemos\output\groundtruth\TUW-257397.pdf"")";"=HYPERLINK(""D:\Java\git\MethodDemosGit\MethodDemos\output\result\result-TUW-257397-xstream.xml"")";"=HYPERLINK(""D:\Java\git\MethodDemosGit\MethodDemos\output\extracted\grobid\grobid-TUW-257397-xstream.xml"")";"Buchbeiträge";"100,00";"100,00";"NA";"NA";"100,00";"0,00";"0,00";"0,00";"0,00";"NA";"NA";"NA";"NA";"NA";"NA";"NA";"96,55";"100,00";"88,89";"100,00";"96,19";"63,64";"62,31"
"TUW-257870";"=HYPERLINK(""D:\Java\git\MethodDemosGit\MethodDemos\output\groundtruth\TUW-257870.pdf"")";"=HYPERLINK(""D:\Java\git\MethodDemosGit\MethodDemos\output\result\result-TUW-257870-xstream.xml"")";"=HYPERLINK(""D:\Java\git\MethodDemosGit\MethodDemos\output\extracted\grobid\grobid-TUW-257870-xstream.xml"")";"Beiträge in Tagungsbänden";"100,00";"100,00";"NA";"50,00";"50,00";"100,00";"50,00";"100,00";"50,00";"0,00";"NA";"NA";"NA";"NA";"0,00";"NA";"100,00";"NA";"50,00";"75,00";"73,64";"65,38";"63,46"
