path;PDF;original;extracted;TITLE;ABSTRACT;ABSTRACTGERMAN;KEYWORDS;AUTHORS;EMAILS;AUTHOR_EMAILS;AFFILIATIONS;AUTHOR_AFFILIATIONS;SOURCE;VOLUME;ISSUE;PAGE_FROM;PAGE_TO;YEAR;DOI;SECTIONS;REFERENCES;Precision;Recall;F1
TUW-137078;=HYPERLINK("D:\Java\git\MethodDemosGit\MethodDemos\output\groundtruth\TUW-137078.pdf");=HYPERLINK("D:\Java\git\MethodDemosGit\MethodDemos\output\result\result-TUW-137078-xstream.xml");=HYPERLINK("D:\Java\git\MethodDemosGit\MethodDemos\output\extracted\parscit\parscit-TUW-137078-xstream.xml");100,00;0;NA;NA;,00;0;,00;0;0;NA;NA;NA;NA;NA;NA;NA;83,33;60,00;49,29;27,78;27,04
TUW-201066;=HYPERLINK("D:\Java\git\MethodDemosGit\MethodDemos\output\groundtruth\TUW-201066.pdf");=HYPERLINK("D:\Java\git\MethodDemosGit\MethodDemos\output\result\result-TUW-201066-xstream.xml");=HYPERLINK("D:\Java\git\MethodDemosGit\MethodDemos\output\extracted\parscit\parscit-TUW-201066-xstream.xml");100,00;NA;NA;NA;85,71;NA;85,71;0;0;NA;NA;NA;NA;NA;NA;NA;88,89;100,00;86,00;71,43;65,76
TUW-233317;=HYPERLINK("D:\Java\git\MethodDemosGit\MethodDemos\output\groundtruth\TUW-233317.pdf");=HYPERLINK("D:\Java\git\MethodDemosGit\MethodDemos\output\result\result-TUW-233317-xstream.xml");=HYPERLINK("D:\Java\git\MethodDemosGit\MethodDemos\output\extracted\parscit\parscit-TUW-233317-xstream.xml");100,00;0;NA;0;,00;0;,00;0;0;NA;NA;NA;NA;NA;NA;NA;60,00;78,57;47,71;23,86;23,86
TUW-236120;=HYPERLINK("D:\Java\git\MethodDemosGit\MethodDemos\output\groundtruth\TUW-236120.pdf");=HYPERLINK("D:\Java\git\MethodDemosGit\MethodDemos\output\result\result-TUW-236120-xstream.xml");=HYPERLINK("D:\Java\git\MethodDemosGit\MethodDemos\output\extracted\parscit\parscit-TUW-236120-xstream.xml");100,00;0;NA;0;,00;0;,00;0;0;NA;NA;NA;NA;NA;NA;NA;47,06;73,33;56,00;19,12;22,04
TUW-200748;=HYPERLINK("D:\Java\git\MethodDemosGit\MethodDemos\output\groundtruth\TUW-200748.pdf");=HYPERLINK("D:\Java\git\MethodDemosGit\MethodDemos\output\result\result-TUW-200748-xstream.xml");=HYPERLINK("D:\Java\git\MethodDemosGit\MethodDemos\output\extracted\parscit\parscit-TUW-200748-xstream.xml");,00;0;0;NA;40,00;NA;50,00;0;0;NA;NA;NA;NA;NA;NA;NA;6,35;81,01;32,15;31,32;19,71
TUW-225252;=HYPERLINK("D:\Java\git\MethodDemosGit\MethodDemos\output\groundtruth\TUW-225252.pdf");=HYPERLINK("D:\Java\git\MethodDemosGit\MethodDemos\output\result\result-TUW-225252-xstream.xml");=HYPERLINK("D:\Java\git\MethodDemosGit\MethodDemos\output\extracted\parscit\parscit-TUW-225252-xstream.xml");100,00;NA;NA;NA;88,89;NA;88,89;0;0;NA;NA;NA;NA;NA;NA;NA;66,67;100,00;85,33;66,67;63,49
TUW-138544;=HYPERLINK("D:\Java\git\MethodDemosGit\MethodDemos\output\groundtruth\TUW-138544.pdf");=HYPERLINK("D:\Java\git\MethodDemosGit\MethodDemos\output\result\result-TUW-138544-xstream.xml");=HYPERLINK("D:\Java\git\MethodDemosGit\MethodDemos\output\extracted\parscit\parscit-TUW-138544-xstream.xml");100,00;0;NA;NA;66,67;0;,00;0;0;NA;NA;NA;NA;NA;NA;NA;45,45;54,55;57,50;30,95;29,63
TUW-138547;=HYPERLINK("D:\Java\git\MethodDemosGit\MethodDemos\output\groundtruth\TUW-138547.pdf");=HYPERLINK("D:\Java\git\MethodDemosGit\MethodDemos\output\result\result-TUW-138547-xstream.xml");=HYPERLINK("D:\Java\git\MethodDemosGit\MethodDemos\output\extracted\parscit\parscit-TUW-138547-xstream.xml");100,00;0;NA;NA;66,67;0;,00;0;0;NA;NA;NA;NA;NA;NA;NA;54,55;76,92;61,67;34,92;33,13
TUW-202034;=HYPERLINK("D:\Java\git\MethodDemosGit\MethodDemos\output\groundtruth\TUW-202034.pdf");=HYPERLINK("D:\Java\git\MethodDemosGit\MethodDemos\output\result\result-TUW-202034-xstream.xml");=HYPERLINK("D:\Java\git\MethodDemosGit\MethodDemos\output\extracted\parscit\parscit-TUW-202034-xstream.xml");,00;0;0;NA;25,00;NA;28,57;0;0;NA;NA;NA;NA;NA;NA;NA;20,00;80,95;30,00;32,72;17,17
TUW-182899;=HYPERLINK("D:\Java\git\MethodDemosGit\MethodDemos\output\groundtruth\TUW-182899.pdf");=HYPERLINK("D:\Java\git\MethodDemosGit\MethodDemos\output\result\result-TUW-182899-xstream.xml");=HYPERLINK("D:\Java\git\MethodDemosGit\MethodDemos\output\extracted\parscit\parscit-TUW-182899-xstream.xml");100,00;0;NA;NA;,00;0;,00;0;0;NA;NA;NA;NA;NA;NA;NA;36,36;98,67;52,00;24,83;26,11
TUW-179146;=HYPERLINK("D:\Java\git\MethodDemosGit\MethodDemos\output\groundtruth\TUW-179146.pdf");=HYPERLINK("D:\Java\git\MethodDemosGit\MethodDemos\output\result\result-TUW-179146-xstream.xml");=HYPERLINK("D:\Java\git\MethodDemosGit\MethodDemos\output\extracted\parscit\parscit-TUW-179146-xstream.xml");100,00;0;NA;NA;20,00;NA;20,00;0;0;NA;NA;NA;NA;NA;NA;NA;71,43;77,78;59,84;35,32;36,15
TUW-216744;=HYPERLINK("D:\Java\git\MethodDemosGit\MethodDemos\output\groundtruth\TUW-216744.pdf");=HYPERLINK("D:\Java\git\MethodDemosGit\MethodDemos\output\result\result-TUW-216744-xstream.xml");=HYPERLINK("D:\Java\git\MethodDemosGit\MethodDemos\output\extracted\parscit\parscit-TUW-216744-xstream.xml");100,00;0;NA;0;,00;NA;,00;0;0;NA;NA;NA;NA;NA;NA;NA;60,00;82,35;47,50;28,09;26,93
TUW-247301;=HYPERLINK("D:\Java\git\MethodDemosGit\MethodDemos\output\groundtruth\TUW-247301.pdf");=HYPERLINK("D:\Java\git\MethodDemosGit\MethodDemos\output\result\result-TUW-247301-xstream.xml");=HYPERLINK("D:\Java\git\MethodDemosGit\MethodDemos\output\extracted\parscit\parscit-TUW-247301-xstream.xml");100,00;NA;NA;NA;,00;0;,00;0;0;NA;NA;NA;NA;NA;NA;NA;85,71;100,00;55,00;37,50;35,71
TUW-228620;=HYPERLINK("D:\Java\git\MethodDemosGit\MethodDemos\output\groundtruth\TUW-228620.pdf");=HYPERLINK("D:\Java\git\MethodDemosGit\MethodDemos\output\result\result-TUW-228620-xstream.xml");=HYPERLINK("D:\Java\git\MethodDemosGit\MethodDemos\output\extracted\parscit\parscit-TUW-228620-xstream.xml");,00;0;NA;0;,00;0;,00;0;0;NA;NA;NA;NA;NA;NA;NA;,00;98,88;20,00;9,78;9,89
TUW-194085;=HYPERLINK("D:\Java\git\MethodDemosGit\MethodDemos\output\groundtruth\TUW-194085.pdf");=HYPERLINK("D:\Java\git\MethodDemosGit\MethodDemos\output\result\result-TUW-194085-xstream.xml");=HYPERLINK("D:\Java\git\MethodDemosGit\MethodDemos\output\extracted\parscit\parscit-TUW-194085-xstream.xml");,00;0;0;NA;50,00;NA;66,67;0;0;NA;NA;NA;NA;NA;NA;NA;19,51;100,00;43,62;34,84;26,24
TUW-213513;=HYPERLINK("D:\Java\git\MethodDemosGit\MethodDemos\output\groundtruth\TUW-213513.pdf");=HYPERLINK("D:\Java\git\MethodDemosGit\MethodDemos\output\result\result-TUW-213513-xstream.xml");=HYPERLINK("D:\Java\git\MethodDemosGit\MethodDemos\output\extracted\parscit\parscit-TUW-213513-xstream.xml");,00;NA;NA;NA;66,67;0;,00;0;0;NA;NA;NA;NA;NA;NA;NA;85,71;100,00;45,00;37,50;31,55
TUW-139299;=HYPERLINK("D:\Java\git\MethodDemosGit\MethodDemos\output\groundtruth\TUW-139299.pdf");=HYPERLINK("D:\Java\git\MethodDemosGit\MethodDemos\output\result\result-TUW-139299-xstream.xml");=HYPERLINK("D:\Java\git\MethodDemosGit\MethodDemos\output\extracted\parscit\parscit-TUW-139299-xstream.xml");100,00;0;NA;NA;,00;NA;,00;NA;NA;NA;NA;NA;NA;NA;0;NA;85,71;85,71;53,00;40,26;38,78
TUW-141121;=HYPERLINK("D:\Java\git\MethodDemosGit\MethodDemos\output\groundtruth\TUW-141121.pdf");=HYPERLINK("D:\Java\git\MethodDemosGit\MethodDemos\output\result\result-TUW-141121-xstream.xml");=HYPERLINK("D:\Java\git\MethodDemosGit\MethodDemos\output\extracted\parscit\parscit-TUW-141121-xstream.xml");100,00;0;NA;NA;40,00;0;,00;0;0;NA;NA;NA;NA;NA;NA;NA;66,67;100,00;62,67;34,13;34,07
TUW-140048;=HYPERLINK("D:\Java\git\MethodDemosGit\MethodDemos\output\groundtruth\TUW-140048.pdf");=HYPERLINK("D:\Java\git\MethodDemosGit\MethodDemos\output\result\result-TUW-140048-xstream.xml");=HYPERLINK("D:\Java\git\MethodDemosGit\MethodDemos\output\extracted\parscit\parscit-TUW-140048-xstream.xml");,00;0;NA;NA;,00;0;,00;0;0;NA;NA;NA;NA;NA;NA;NA;54,55;84,62;34,07;13,85;15,46
TUW-140047;=HYPERLINK("D:\Java\git\MethodDemosGit\MethodDemos\output\groundtruth\TUW-140047.pdf");=HYPERLINK("D:\Java\git\MethodDemosGit\MethodDemos\output\result\result-TUW-140047-xstream.xml");=HYPERLINK("D:\Java\git\MethodDemosGit\MethodDemos\output\extracted\parscit\parscit-TUW-140047-xstream.xml");100,00;0;NA;NA;,00;NA;,00;0;0;NA;NA;NA;NA;NA;NA;NA;48,00;100,00;55,00;29,41;31,00
TUW-233657;=HYPERLINK("D:\Java\git\MethodDemosGit\MethodDemos\output\groundtruth\TUW-233657.pdf");=HYPERLINK("D:\Java\git\MethodDemosGit\MethodDemos\output\result\result-TUW-233657-xstream.xml");=HYPERLINK("D:\Java\git\MethodDemosGit\MethodDemos\output\extracted\parscit\parscit-TUW-233657-xstream.xml");100,00;0;NA;0;50,00;0;,00;0;0;NA;NA;NA;NA;NA;NA;NA;62,50;75,00;60,65;27,48;28,75
TUW-139785;=HYPERLINK("D:\Java\git\MethodDemosGit\MethodDemos\output\groundtruth\TUW-139785.pdf");=HYPERLINK("D:\Java\git\MethodDemosGit\MethodDemos\output\result\result-TUW-139785-xstream.xml");=HYPERLINK("D:\Java\git\MethodDemosGit\MethodDemos\output\extracted\parscit\parscit-TUW-139785-xstream.xml");,00;0;0;NA;100,00;NA;100,00;0;0;NA;NA;NA;NA;NA;NA;NA;5,41;68,89;63,78;30,19;30,48
TUW-140533;=HYPERLINK("D:\Java\git\MethodDemosGit\MethodDemos\output\groundtruth\TUW-140533.pdf");=HYPERLINK("D:\Java\git\MethodDemosGit\MethodDemos\output\result\result-TUW-140533-xstream.xml");=HYPERLINK("D:\Java\git\MethodDemosGit\MethodDemos\output\extracted\parscit\parscit-TUW-140533-xstream.xml");,00;0;0;NA;,00;NA;,00;0;0;NA;NA;NA;NA;NA;NA;NA;12,68;89,74;31,79;10,75;11,38
TUW-174216;=HYPERLINK("D:\Java\git\MethodDemosGit\MethodDemos\output\groundtruth\TUW-174216.pdf");=HYPERLINK("D:\Java\git\MethodDemosGit\MethodDemos\output\result\result-TUW-174216-xstream.xml");=HYPERLINK("D:\Java\git\MethodDemosGit\MethodDemos\output\extracted\parscit\parscit-TUW-174216-xstream.xml");,00;0;NA;0;22,22;NA;22,22;0;0;0;0;0;0;0;0;NA;62,50;96,30;46,67;12,19;13,55
TUW-172697;=HYPERLINK("D:\Java\git\MethodDemosGit\MethodDemos\output\groundtruth\TUW-172697.pdf");=HYPERLINK("D:\Java\git\MethodDemosGit\MethodDemos\output\result\result-TUW-172697-xstream.xml");=HYPERLINK("D:\Java\git\MethodDemosGit\MethodDemos\output\extracted\parscit\parscit-TUW-172697-xstream.xml");,00;0;NA;0;54,55;NA;54,55;0;0;NA;NA;NA;NA;NA;NA;NA;33,33;66,67;42,33;24,07;23,23
TUW-197852;=HYPERLINK("D:\Java\git\MethodDemosGit\MethodDemos\output\groundtruth\TUW-197852.pdf");=HYPERLINK("D:\Java\git\MethodDemosGit\MethodDemos\output\result\result-TUW-197852-xstream.xml");=HYPERLINK("D:\Java\git\MethodDemosGit\MethodDemos\output\extracted\parscit\parscit-TUW-197852-xstream.xml");100,00;0;NA;NA;57,14;NA;57,14;0;0;NA;NA;NA;NA;NA;NA;NA;50,00;100,00;66,00;56,25;45,54
TUW-180162;=HYPERLINK("D:\Java\git\MethodDemosGit\MethodDemos\output\groundtruth\TUW-180162.pdf");=HYPERLINK("D:\Java\git\MethodDemosGit\MethodDemos\output\result\result-TUW-180162-xstream.xml");=HYPERLINK("D:\Java\git\MethodDemosGit\MethodDemos\output\extracted\parscit\parscit-TUW-180162-xstream.xml");100,00;0;NA;NA;,00;0;,00;0;0;NA;NA;NA;NA;NA;NA;NA;51,85;90,00;54,00;24,78;26,87
TUW-139781;=HYPERLINK("D:\Java\git\MethodDemosGit\MethodDemos\output\groundtruth\TUW-139781.pdf");=HYPERLINK("D:\Java\git\MethodDemosGit\MethodDemos\output\result\result-TUW-139781-xstream.xml");=HYPERLINK("D:\Java\git\MethodDemosGit\MethodDemos\output\extracted\parscit\parscit-TUW-139781-xstream.xml");100,00;NA;NA;NA;,00;NA;,00;0;0;NA;NA;NA;NA;NA;NA;NA;93,33;62,50;50,00;37,50;36,55
TUW-181199;=HYPERLINK("D:\Java\git\MethodDemosGit\MethodDemos\output\groundtruth\TUW-181199.pdf");=HYPERLINK("D:\Java\git\MethodDemosGit\MethodDemos\output\result\result-TUW-181199-xstream.xml");=HYPERLINK("D:\Java\git\MethodDemosGit\MethodDemos\output\extracted\parscit\parscit-TUW-181199-xstream.xml");,00;0;NA;NA;,00;0;,00;0;0;NA;NA;NA;NA;NA;NA;NA;72,73;87,50;33,50;17,13;17,80
TUW-226000;=HYPERLINK("D:\Java\git\MethodDemosGit\MethodDemos\output\groundtruth\TUW-226000.pdf");=HYPERLINK("D:\Java\git\MethodDemosGit\MethodDemos\output\result\result-TUW-226000-xstream.xml");=HYPERLINK("D:\Java\git\MethodDemosGit\MethodDemos\output\extracted\parscit\parscit-TUW-226000-xstream.xml");100,00;0;NA;0;,00;NA;,00;0;0;NA;NA;NA;NA;NA;NA;NA;80,00;84,62;54,33;28,73;29,40
TUW-176087;=HYPERLINK("D:\Java\git\MethodDemosGit\MethodDemos\output\groundtruth\TUW-176087.pdf");=HYPERLINK("D:\Java\git\MethodDemosGit\MethodDemos\output\result\result-TUW-176087-xstream.xml");=HYPERLINK("D:\Java\git\MethodDemosGit\MethodDemos\output\extracted\parscit\parscit-TUW-176087-xstream.xml");100,00;0;NA;0;,00;0;,00;0;0;NA;NA;NA;NA;NA;NA;NA;80,00;96,55;57,14;26,83;27,66
TUW-140867;=HYPERLINK("D:\Java\git\MethodDemosGit\MethodDemos\output\groundtruth\TUW-140867.pdf");=HYPERLINK("D:\Java\git\MethodDemosGit\MethodDemos\output\result\result-TUW-140867-xstream.xml");=HYPERLINK("D:\Java\git\MethodDemosGit\MethodDemos\output\extracted\parscit\parscit-TUW-140867-xstream.xml");100,00;0;NA;NA;,00;NA;,00;0;0;NA;NA;NA;NA;NA;NA;NA;46,15;70,59;45,00;26,19;27,09
TUW-194660;=HYPERLINK("D:\Java\git\MethodDemosGit\MethodDemos\output\groundtruth\TUW-194660.pdf");=HYPERLINK("D:\Java\git\MethodDemosGit\MethodDemos\output\result\result-TUW-194660-xstream.xml");=HYPERLINK("D:\Java\git\MethodDemosGit\MethodDemos\output\extracted\parscit\parscit-TUW-194660-xstream.xml");100,00;0;NA;NA;80,00;NA;80,00;0;0;NA;NA;NA;NA;NA;NA;NA;20,00;66,67;65,67;47,50;43,33
TUW-203409;=HYPERLINK("D:\Java\git\MethodDemosGit\MethodDemos\output\groundtruth\TUW-203409.pdf");=HYPERLINK("D:\Java\git\MethodDemosGit\MethodDemos\output\result\result-TUW-203409-xstream.xml");=HYPERLINK("D:\Java\git\MethodDemosGit\MethodDemos\output\extracted\parscit\parscit-TUW-203409-xstream.xml");100,00;0;NA;0;,00;NA;,00;0;0;NA;NA;NA;NA;NA;NA;NA;85,71;NA;43,75;25,00;23,21
TUW-237297;=HYPERLINK("D:\Java\git\MethodDemosGit\MethodDemos\output\groundtruth\TUW-237297.pdf");=HYPERLINK("D:\Java\git\MethodDemosGit\MethodDemos\output\result\result-TUW-237297-xstream.xml");=HYPERLINK("D:\Java\git\MethodDemosGit\MethodDemos\output\extracted\parscit\parscit-TUW-237297-xstream.xml");,00;0;NA;0;100,00;NA;100,00;NA;NA;0;NA;NA;NA;NA;NA;NA;50,00;70,59;61,67;45,83;40,07
TUW-141618;=HYPERLINK("D:\Java\git\MethodDemosGit\MethodDemos\output\groundtruth\TUW-141618.pdf");=HYPERLINK("D:\Java\git\MethodDemosGit\MethodDemos\output\result\result-TUW-141618-xstream.xml");=HYPERLINK("D:\Java\git\MethodDemosGit\MethodDemos\output\extracted\parscit\parscit-TUW-141618-xstream.xml");100,00;0;NA;NA;,00;NA;,00;0;0;NA;NA;NA;NA;NA;NA;NA;83,33;87,67;52,06;35,81;33,88
TUW-175428;=HYPERLINK("D:\Java\git\MethodDemosGit\MethodDemos\output\groundtruth\TUW-175428.pdf");=HYPERLINK("D:\Java\git\MethodDemosGit\MethodDemos\output\result\result-TUW-175428-xstream.xml");=HYPERLINK("D:\Java\git\MethodDemosGit\MethodDemos\output\extracted\parscit\parscit-TUW-175428-xstream.xml");,00;0;0;NA;28,57;NA;28,57;0;0;NA;NA;NA;NA;NA;NA;NA;21,92;89,47;29,89;34,23;18,73
TUW-197422;=HYPERLINK("D:\Java\git\MethodDemosGit\MethodDemos\output\groundtruth\TUW-197422.pdf");=HYPERLINK("D:\Java\git\MethodDemosGit\MethodDemos\output\result\result-TUW-197422-xstream.xml");=HYPERLINK("D:\Java\git\MethodDemosGit\MethodDemos\output\extracted\parscit\parscit-TUW-197422-xstream.xml");100,00;0;NA;NA;40,00;NA;40,00;0;0;NA;NA;NA;NA;NA;NA;NA;35,29;92,31;58,46;52,45;38,45
TUW-223906;=HYPERLINK("D:\Java\git\MethodDemosGit\MethodDemos\output\groundtruth\TUW-223906.pdf");=HYPERLINK("D:\Java\git\MethodDemosGit\MethodDemos\output\result\result-TUW-223906-xstream.xml");=HYPERLINK("D:\Java\git\MethodDemosGit\MethodDemos\output\extracted\parscit\parscit-TUW-223906-xstream.xml");100,00;0;NA;NA;66,67;0;,00;0;0;NA;NA;NA;NA;NA;NA;NA;75,00;100,00;65,00;41,67;37,96
TUW-255712;=HYPERLINK("D:\Java\git\MethodDemosGit\MethodDemos\output\groundtruth\TUW-255712.pdf");=HYPERLINK("D:\Java\git\MethodDemosGit\MethodDemos\output\result\result-TUW-255712-xstream.xml");=HYPERLINK("D:\Java\git\MethodDemosGit\MethodDemos\output\extracted\parscit\parscit-TUW-255712-xstream.xml");100,00;0;NA;NA;66,67;NA;66,67;0;0;NA;NA;NA;NA;NA;NA;NA;40,00;100,00;66,67;56,25;46,67
TUW-141758;=HYPERLINK("D:\Java\git\MethodDemosGit\MethodDemos\output\groundtruth\TUW-141758.pdf");=HYPERLINK("D:\Java\git\MethodDemosGit\MethodDemos\output\result\result-TUW-141758-xstream.xml");=HYPERLINK("D:\Java\git\MethodDemosGit\MethodDemos\output\extracted\parscit\parscit-TUW-141758-xstream.xml");,00;0;0;NA;,00;NA;,00;0;0;NA;NA;NA;NA;NA;0;NA;25,97;60,67;26,00;7,15;8,66
TUW-200745;=HYPERLINK("D:\Java\git\MethodDemosGit\MethodDemos\output\groundtruth\TUW-200745.pdf");=HYPERLINK("D:\Java\git\MethodDemosGit\MethodDemos\output\result\result-TUW-200745-xstream.xml");=HYPERLINK("D:\Java\git\MethodDemosGit\MethodDemos\output\extracted\parscit\parscit-TUW-200745-xstream.xml");,00;0;0;NA;33,33;NA;40,00;0;0;NA;NA;NA;NA;NA;NA;NA;8,16;93,75;30,83;33,26;19,47
TUW-202824;=HYPERLINK("D:\Java\git\MethodDemosGit\MethodDemos\output\groundtruth\TUW-202824.pdf");=HYPERLINK("D:\Java\git\MethodDemosGit\MethodDemos\output\result\result-TUW-202824-xstream.xml");=HYPERLINK("D:\Java\git\MethodDemosGit\MethodDemos\output\extracted\parscit\parscit-TUW-202824-xstream.xml");100,00;0;NA;NA;57,14;0;28,57;0;0;NA;NA;NA;NA;NA;NA;NA;0;75,00;50,00;34,38;28,97
TUW-217690;=HYPERLINK("D:\Java\git\MethodDemosGit\MethodDemos\output\groundtruth\TUW-217690.pdf");=HYPERLINK("D:\Java\git\MethodDemosGit\MethodDemos\output\result\result-TUW-217690-xstream.xml");=HYPERLINK("D:\Java\git\MethodDemosGit\MethodDemos\output\extracted\parscit\parscit-TUW-217690-xstream.xml");,00;0;NA;0;,00;NA;,00;0;0;NA;NA;NA;NA;NA;NA;NA;75,00;100,00;32,00;22,22;19,44
TUW-217971;=HYPERLINK("D:\Java\git\MethodDemosGit\MethodDemos\output\groundtruth\TUW-217971.pdf");=HYPERLINK("D:\Java\git\MethodDemosGit\MethodDemos\output\result\result-TUW-217971-xstream.xml");=HYPERLINK("D:\Java\git\MethodDemosGit\MethodDemos\output\extracted\parscit\parscit-TUW-217971-xstream.xml");,00;0;NA;NA;100,00;NA;100,00;0;0;NA;NA;NA;NA;NA;NA;NA;73,68;100,00;75,56;46,25;46,71
TUW-185441;=HYPERLINK("D:\Java\git\MethodDemosGit\MethodDemos\output\groundtruth\TUW-185441.pdf");=HYPERLINK("D:\Java\git\MethodDemosGit\MethodDemos\output\result\result-TUW-185441-xstream.xml");=HYPERLINK("D:\Java\git\MethodDemosGit\MethodDemos\output\extracted\parscit\parscit-TUW-185441-xstream.xml");100,00;0;NA;NA;80,00;NA;80,00;0;0;NA;NA;NA;NA;NA;NA;NA;30,77;100,00;73,33;53,57;48,85
TUW-200959;=HYPERLINK("D:\Java\git\MethodDemosGit\MethodDemos\output\groundtruth\TUW-200959.pdf");=HYPERLINK("D:\Java\git\MethodDemosGit\MethodDemos\output\result\result-TUW-200959-xstream.xml");=HYPERLINK("D:\Java\git\MethodDemosGit\MethodDemos\output\extracted\parscit\parscit-TUW-200959-xstream.xml");,00;0;NA;NA;80,00;NA;80,00;0;0;NA;NA;NA;NA;NA;0;NA;55,56;70,37;53,24;35,60;31,77
TUW-245336;=HYPERLINK("D:\Java\git\MethodDemosGit\MethodDemos\output\groundtruth\TUW-245336.pdf");=HYPERLINK("D:\Java\git\MethodDemosGit\MethodDemos\output\result\result-TUW-245336-xstream.xml");=HYPERLINK("D:\Java\git\MethodDemosGit\MethodDemos\output\extracted\parscit\parscit-TUW-245336-xstream.xml");100,00;0;NA;NA;66,67;NA;66,67;NA;NA;NA;NA;NA;NA;NA;NA;NA;66,67;97,78;70,00;82,61;66,30
TUW-247741;=HYPERLINK("D:\Java\git\MethodDemosGit\MethodDemos\output\groundtruth\TUW-247741.pdf");=HYPERLINK("D:\Java\git\MethodDemosGit\MethodDemos\output\result\result-TUW-247741-xstream.xml");=HYPERLINK("D:\Java\git\MethodDemosGit\MethodDemos\output\extracted\parscit\parscit-TUW-247741-xstream.xml");,00;0;NA;0;33,33;NA;33,33;0;0;NA;NA;NA;NA;NA;NA;NA;52,63;100,00;45,83;23,57;24,37
TUW-205933;=HYPERLINK("D:\Java\git\MethodDemosGit\MethodDemos\output\groundtruth\TUW-205933.pdf");=HYPERLINK("D:\Java\git\MethodDemosGit\MethodDemos\output\result\result-TUW-205933-xstream.xml");=HYPERLINK("D:\Java\git\MethodDemosGit\MethodDemos\output\extracted\parscit\parscit-TUW-205933-xstream.xml");,00;0;NA;0;0;NA;0;NA;NA;0;NA;NA;NA;NA;NA;NA;33,33;76,19;40,74;12,50;13,69
TUW-236063;=HYPERLINK("D:\Java\git\MethodDemosGit\MethodDemos\output\groundtruth\TUW-236063.pdf");=HYPERLINK("D:\Java\git\MethodDemosGit\MethodDemos\output\result\result-TUW-236063-xstream.xml");=HYPERLINK("D:\Java\git\MethodDemosGit\MethodDemos\output\extracted\parscit\parscit-TUW-236063-xstream.xml");100,00;0;NA;NA;,00;NA;,00;0;0;NA;NA;NA;NA;NA;NA;NA;85,71;100,00;55,00;37,50;35,71
TUW-240858;=HYPERLINK("D:\Java\git\MethodDemosGit\MethodDemos\output\groundtruth\TUW-240858.pdf");=HYPERLINK("D:\Java\git\MethodDemosGit\MethodDemos\output\result\result-TUW-240858-xstream.xml");=HYPERLINK("D:\Java\git\MethodDemosGit\MethodDemos\output\extracted\parscit\parscit-TUW-240858-xstream.xml");100,00;0;NA;NA;,00;0;,00;0;0;NA;NA;NA;NA;NA;NA;NA;66,67;69,23;47,18;26,21;26,21
TUW-191715;=HYPERLINK("D:\Java\git\MethodDemosGit\MethodDemos\output\groundtruth\TUW-191715.pdf");=HYPERLINK("D:\Java\git\MethodDemosGit\MethodDemos\output\result\result-TUW-191715-xstream.xml");=HYPERLINK("D:\Java\git\MethodDemosGit\MethodDemos\output\extracted\parscit\parscit-TUW-191715-xstream.xml");100,00;0;NA;NA;100,00;NA;100,00;0;0;NA;NA;NA;NA;NA;NA;NA;40,00;80,65;92,24;50,38;52,58
TUW-257870;=HYPERLINK("D:\Java\git\MethodDemosGit\MethodDemos\output\groundtruth\TUW-257870.pdf");=HYPERLINK("D:\Java\git\MethodDemosGit\MethodDemos\output\result\result-TUW-257870-xstream.xml");=HYPERLINK("D:\Java\git\MethodDemosGit\MethodDemos\output\extracted\parscit\parscit-TUW-257870-xstream.xml");100,00;0;NA;0;40,00;0;,00;0;0;NA;NA;NA;NA;NA;NA;NA;50,00;100,00;55,24;31,00;29,00
TUW-140253;=HYPERLINK("D:\Java\git\MethodDemosGit\MethodDemos\output\groundtruth\TUW-140253.pdf");=HYPERLINK("D:\Java\git\MethodDemosGit\MethodDemos\output\result\result-TUW-140253-xstream.xml");=HYPERLINK("D:\Java\git\MethodDemosGit\MethodDemos\output\extracted\parscit\parscit-TUW-140253-xstream.xml");100,00;0;NA;NA;66,67;0;,00;0;0;NA;NA;NA;NA;NA;NA;NA;93,33;100,00;67,50;44,44;40,00
TUW-201160;=HYPERLINK("D:\Java\git\MethodDemosGit\MethodDemos\output\groundtruth\TUW-201160.pdf");=HYPERLINK("D:\Java\git\MethodDemosGit\MethodDemos\output\result\result-TUW-201160-xstream.xml");=HYPERLINK("D:\Java\git\MethodDemosGit\MethodDemos\output\extracted\parscit\parscit-TUW-201160-xstream.xml");100,00;NA;NA;NA;80,00;NA;80,00;0;0;NA;NA;NA;NA;NA;NA;NA;83,33;57,14;72,38;65,31;57,21
TUW-177140;=HYPERLINK("D:\Java\git\MethodDemosGit\MethodDemos\output\groundtruth\TUW-177140.pdf");=HYPERLINK("D:\Java\git\MethodDemosGit\MethodDemos\output\result\result-TUW-177140-xstream.xml");=HYPERLINK("D:\Java\git\MethodDemosGit\MethodDemos\output\extracted\parscit\parscit-TUW-177140-xstream.xml");,00;0;NA;NA;,00;0;,00;0;0;NA;NA;NA;NA;NA;NA;NA;72,73;93,33;32,00;19,26;18,45
TUW-200950;=HYPERLINK("D:\Java\git\MethodDemosGit\MethodDemos\output\groundtruth\TUW-200950.pdf");=HYPERLINK("D:\Java\git\MethodDemosGit\MethodDemos\output\result\result-TUW-200950-xstream.xml");=HYPERLINK("D:\Java\git\MethodDemosGit\MethodDemos\output\extracted\parscit\parscit-TUW-200950-xstream.xml");,00;0;NA;NA;,00;0;,00;0;0;NA;NA;NA;NA;NA;NA;NA;42,86;91,30;30,26;13,85;14,91
TUW-185321;=HYPERLINK("D:\Java\git\MethodDemosGit\MethodDemos\output\groundtruth\TUW-185321.pdf");=HYPERLINK("D:\Java\git\MethodDemosGit\MethodDemos\output\result\result-TUW-185321-xstream.xml");=HYPERLINK("D:\Java\git\MethodDemosGit\MethodDemos\output\extracted\parscit\parscit-TUW-185321-xstream.xml");100,00;0;NA;NA;80,00;NA;80,00;0;0;NA;NA;NA;NA;NA;NA;NA;75,00;100,00;81,67;59,38;54,37
TUW-245799;=HYPERLINK("D:\Java\git\MethodDemosGit\MethodDemos\output\groundtruth\TUW-245799.pdf");=HYPERLINK("D:\Java\git\MethodDemosGit\MethodDemos\output\result\result-TUW-245799-xstream.xml");=HYPERLINK("D:\Java\git\MethodDemosGit\MethodDemos\output\extracted\parscit\parscit-TUW-245799-xstream.xml");100,00;0;NA;0;0;0;0;0;0;NA;NA;NA;NA;NA;NA;NA;28,57;92,31;83,33;20,57;22,09
TUW-140983;=HYPERLINK("D:\Java\git\MethodDemosGit\MethodDemos\output\groundtruth\TUW-140983.pdf");=HYPERLINK("D:\Java\git\MethodDemosGit\MethodDemos\output\result\result-TUW-140983-xstream.xml");=HYPERLINK("D:\Java\git\MethodDemosGit\MethodDemos\output\extracted\parscit\parscit-TUW-140983-xstream.xml");100,00;0;NA;NA;,00;0;,00;0;0;NA;NA;NA;NA;NA;NA;NA;72,73;57,14;44,76;27,78;25,54
TUW-139769;=HYPERLINK("D:\Java\git\MethodDemosGit\MethodDemos\output\groundtruth\TUW-139769.pdf");=HYPERLINK("D:\Java\git\MethodDemosGit\MethodDemos\output\result\result-TUW-139769-xstream.xml");=HYPERLINK("D:\Java\git\MethodDemosGit\MethodDemos\output\extracted\parscit\parscit-TUW-139769-xstream.xml");,00;0;0;NA;50,00;NA;50,00;0;0;NA;NA;NA;NA;NA;NA;NA;1,43;87,80;32,24;31,84;21,03
TUW-223973;=HYPERLINK("D:\Java\git\MethodDemosGit\MethodDemos\output\groundtruth\TUW-223973.pdf");=HYPERLINK("D:\Java\git\MethodDemosGit\MethodDemos\output\result\result-TUW-223973-xstream.xml");=HYPERLINK("D:\Java\git\MethodDemosGit\MethodDemos\output\extracted\parscit\parscit-TUW-223973-xstream.xml");,00;0;NA;0;80,00;NA;80,00;0;0;NA;NA;NA;NA;NA;NA;NA;62,50;84,44;58,23;37,57;34,10
TUW-201167;=HYPERLINK("D:\Java\git\MethodDemosGit\MethodDemos\output\groundtruth\TUW-201167.pdf");=HYPERLINK("D:\Java\git\MethodDemosGit\MethodDemos\output\result\result-TUW-201167-xstream.xml");=HYPERLINK("D:\Java\git\MethodDemosGit\MethodDemos\output\extracted\parscit\parscit-TUW-201167-xstream.xml");,00;NA;NA;NA;85,71;NA;85,71;0;0;NA;NA;NA;NA;NA;NA;NA;85,71;100,00;65,00;57,14;51,02
TUW-168222;=HYPERLINK("D:\Java\git\MethodDemosGit\MethodDemos\output\groundtruth\TUW-168222.pdf");=HYPERLINK("D:\Java\git\MethodDemosGit\MethodDemos\output\result\result-TUW-168222-xstream.xml");=HYPERLINK("D:\Java\git\MethodDemosGit\MethodDemos\output\extracted\parscit\parscit-TUW-168222-xstream.xml");100,00;0;NA;NA;66,67;0;,00;0;0;NA;NA;NA;NA;NA;NA;NA;44,44;100,00;58,00;38,89;34,57
TUW-139761;=HYPERLINK("D:\Java\git\MethodDemosGit\MethodDemos\output\groundtruth\TUW-139761.pdf");=HYPERLINK("D:\Java\git\MethodDemosGit\MethodDemos\output\result\result-TUW-139761-xstream.xml");=HYPERLINK("D:\Java\git\MethodDemosGit\MethodDemos\output\extracted\parscit\parscit-TUW-139761-xstream.xml");,00;0;0;NA;50,00;NA;50,00;0;0;NA;NA;NA;NA;NA;NA;NA;7,50;79,41;34,67;31,53;20,77
TUW-186227;=HYPERLINK("D:\Java\git\MethodDemosGit\MethodDemos\output\groundtruth\TUW-186227.pdf");=HYPERLINK("D:\Java\git\MethodDemosGit\MethodDemos\output\result\result-TUW-186227-xstream.xml");=HYPERLINK("D:\Java\git\MethodDemosGit\MethodDemos\output\extracted\parscit\parscit-TUW-186227-xstream.xml");100,00;0;NA;NA;28,57;NA;28,57;0;0;NA;NA;NA;NA;NA;NA;NA;42,86;71,43;50,95;51,12;33,93
TUW-192724;=HYPERLINK("D:\Java\git\MethodDemosGit\MethodDemos\output\groundtruth\TUW-192724.pdf");=HYPERLINK("D:\Java\git\MethodDemosGit\MethodDemos\output\result\result-TUW-192724-xstream.xml");=HYPERLINK("D:\Java\git\MethodDemosGit\MethodDemos\output\extracted\parscit\parscit-TUW-192724-xstream.xml");,00;0;NA;0;,00;0;,00;0;0;NA;NA;NA;NA;NA;NA;NA;72,73;70,97;30,67;13,54;14,37
TUW-204724;=HYPERLINK("D:\Java\git\MethodDemosGit\MethodDemos\output\groundtruth\TUW-204724.pdf");=HYPERLINK("D:\Java\git\MethodDemosGit\MethodDemos\output\result\result-TUW-204724-xstream.xml");=HYPERLINK("D:\Java\git\MethodDemosGit\MethodDemos\output\extracted\parscit\parscit-TUW-204724-xstream.xml");100,00;0;NA;0;66,67;0;,00;0;0;NA;NA;NA;NA;NA;NA;NA;40,00;52,17;48,91;29,00;25,88
TUW-221215;=HYPERLINK("D:\Java\git\MethodDemosGit\MethodDemos\output\groundtruth\TUW-221215.pdf");=HYPERLINK("D:\Java\git\MethodDemosGit\MethodDemos\output\result\result-TUW-221215-xstream.xml");=HYPERLINK("D:\Java\git\MethodDemosGit\MethodDemos\output\extracted\parscit\parscit-TUW-221215-xstream.xml");,00;0;0;NA;,00;NA;,00;0;0;NA;NA;NA;NA;NA;NA;NA;8,16;65,91;15,39;7,95;8,23
TUW-194561;=HYPERLINK("D:\Java\git\MethodDemosGit\MethodDemos\output\groundtruth\TUW-194561.pdf");=HYPERLINK("D:\Java\git\MethodDemosGit\MethodDemos\output\result\result-TUW-194561-xstream.xml");=HYPERLINK("D:\Java\git\MethodDemosGit\MethodDemos\output\extracted\parscit\parscit-TUW-194561-xstream.xml");100,00;0;NA;NA;,00;NA;,00;0;0;NA;NA;NA;NA;NA;NA;NA;92,31;72,73;51,69;34,09;33,13
TUW-226016;=HYPERLINK("D:\Java\git\MethodDemosGit\MethodDemos\output\groundtruth\TUW-226016.pdf");=HYPERLINK("D:\Java\git\MethodDemosGit\MethodDemos\output\result\result-TUW-226016-xstream.xml");=HYPERLINK("D:\Java\git\MethodDemosGit\MethodDemos\output\extracted\parscit\parscit-TUW-226016-xstream.xml");,00;0;0;NA;,00;NA;,00;0;0;NA;NA;NA;NA;NA;NA;NA;42,86;0;13,64;3,92;4,76
TUW-182414;=HYPERLINK("D:\Java\git\MethodDemosGit\MethodDemos\output\groundtruth\TUW-182414.pdf");=HYPERLINK("D:\Java\git\MethodDemosGit\MethodDemos\output\result\result-TUW-182414-xstream.xml");=HYPERLINK("D:\Java\git\MethodDemosGit\MethodDemos\output\extracted\parscit\parscit-TUW-182414-xstream.xml");100,00;0;NA;NA;80,00;0;,00;0;0;NA;NA;NA;NA;NA;NA;NA;62,50;73,68;65,12;35,47;35,13
TUW-247743;=HYPERLINK("D:\Java\git\MethodDemosGit\MethodDemos\output\groundtruth\TUW-247743.pdf");=HYPERLINK("D:\Java\git\MethodDemosGit\MethodDemos\output\result\result-TUW-247743-xstream.xml");=HYPERLINK("D:\Java\git\MethodDemosGit\MethodDemos\output\extracted\parscit\parscit-TUW-247743-xstream.xml");,00;0;0;NA;66,67;NA;66,67;0;0;NA;NA;NA;NA;NA;NA;NA;,00;85,00;37,89;31,22;24,26
TUW-140229;=HYPERLINK("D:\Java\git\MethodDemosGit\MethodDemos\output\groundtruth\TUW-140229.pdf");=HYPERLINK("D:\Java\git\MethodDemosGit\MethodDemos\output\result\result-TUW-140229-xstream.xml");=HYPERLINK("D:\Java\git\MethodDemosGit\MethodDemos\output\extracted\parscit\parscit-TUW-140229-xstream.xml");100,00;0;NA;NA;50,00;0;,00;0;0;NA;NA;NA;NA;NA;NA;NA;66,67;73,68;58,89;31,85;32,26
TUW-231707;=HYPERLINK("D:\Java\git\MethodDemosGit\MethodDemos\output\groundtruth\TUW-231707.pdf");=HYPERLINK("D:\Java\git\MethodDemosGit\MethodDemos\output\result\result-TUW-231707-xstream.xml");=HYPERLINK("D:\Java\git\MethodDemosGit\MethodDemos\output\extracted\parscit\parscit-TUW-231707-xstream.xml");100,00;0;NA;NA;66,67;NA;66,67;0;0;NA;NA;NA;NA;NA;NA;NA;52,63;100,00;74,29;55,21;48,25
TUW-200948;=HYPERLINK("D:\Java\git\MethodDemosGit\MethodDemos\output\groundtruth\TUW-200948.pdf");=HYPERLINK("D:\Java\git\MethodDemosGit\MethodDemos\output\result\result-TUW-200948-xstream.xml");=HYPERLINK("D:\Java\git\MethodDemosGit\MethodDemos\output\extracted\parscit\parscit-TUW-200948-xstream.xml");100,00;0;NA;NA;,00;0;,00;0;0;NA;NA;NA;NA;NA;NA;NA;76,92;78,79;50,54;28,87;28,41
TUW-168482;=HYPERLINK("D:\Java\git\MethodDemosGit\MethodDemos\output\groundtruth\TUW-168482.pdf");=HYPERLINK("D:\Java\git\MethodDemosGit\MethodDemos\output\result\result-TUW-168482-xstream.xml");=HYPERLINK("D:\Java\git\MethodDemosGit\MethodDemos\output\extracted\parscit\parscit-TUW-168482-xstream.xml");,00;0;0;NA;22,22;NA;28,57;0;0;NA;NA;NA;NA;NA;NA;NA;13,33;86,79;30,04;27,08;16,77
TUW-189842;=HYPERLINK("D:\Java\git\MethodDemosGit\MethodDemos\output\groundtruth\TUW-189842.pdf");=HYPERLINK("D:\Java\git\MethodDemosGit\MethodDemos\output\result\result-TUW-189842-xstream.xml");=HYPERLINK("D:\Java\git\MethodDemosGit\MethodDemos\output\extracted\parscit\parscit-TUW-189842-xstream.xml");,00;0;NA;0;0;0;0;0;0;NA;NA;NA;NA;NA;NA;NA;54,55;85,71;47,62;15,00;14,03
TUW-141140;=HYPERLINK("D:\Java\git\MethodDemosGit\MethodDemos\output\groundtruth\TUW-141140.pdf");=HYPERLINK("D:\Java\git\MethodDemosGit\MethodDemos\output\result\result-TUW-141140-xstream.xml");=HYPERLINK("D:\Java\git\MethodDemosGit\MethodDemos\output\extracted\parscit\parscit-TUW-141140-xstream.xml");100,00;0;NA;NA;,00;NA;,00;0;0;NA;NA;NA;NA;NA;NA;NA;58,82;93,33;56,67;29,12;31,52
TUW-141065;=HYPERLINK("D:\Java\git\MethodDemosGit\MethodDemos\output\groundtruth\TUW-141065.pdf");=HYPERLINK("D:\Java\git\MethodDemosGit\MethodDemos\output\result\result-TUW-141065-xstream.xml");=HYPERLINK("D:\Java\git\MethodDemosGit\MethodDemos\output\extracted\parscit\parscit-TUW-141065-xstream.xml");100,00;0;NA;NA;,00;0;,00;0;0;NA;NA;NA;NA;NA;NA;NA;70,00;96,30;57,50;27,91;29,59
TUW-198405;=HYPERLINK("D:\Java\git\MethodDemosGit\MethodDemos\output\groundtruth\TUW-198405.pdf");=HYPERLINK("D:\Java\git\MethodDemosGit\MethodDemos\output\result\result-TUW-198405-xstream.xml");=HYPERLINK("D:\Java\git\MethodDemosGit\MethodDemos\output\extracted\parscit\parscit-TUW-198405-xstream.xml");100,00;0;NA;NA;,00;0;,00;0;0;NA;NA;NA;NA;NA;NA;NA;60,00;100,00;55,00;27,78;28,89
TUW-141024;=HYPERLINK("D:\Java\git\MethodDemosGit\MethodDemos\output\groundtruth\TUW-141024.pdf");=HYPERLINK("D:\Java\git\MethodDemosGit\MethodDemos\output\result\result-TUW-141024-xstream.xml");=HYPERLINK("D:\Java\git\MethodDemosGit\MethodDemos\output\extracted\parscit\parscit-TUW-141024-xstream.xml");100,00;0;NA;NA;,00;NA;,00;0;0;NA;NA;NA;NA;NA;NA;NA;70,59;66,67;47,33;29,83;29,66
TUW-198408;=HYPERLINK("D:\Java\git\MethodDemosGit\MethodDemos\output\groundtruth\TUW-198408.pdf");=HYPERLINK("D:\Java\git\MethodDemosGit\MethodDemos\output\result\result-TUW-198408-xstream.xml");=HYPERLINK("D:\Java\git\MethodDemosGit\MethodDemos\output\extracted\parscit\parscit-TUW-198408-xstream.xml");100,00;0;NA;NA;66,67;0;,00;0;0;NA;NA;NA;NA;NA;NA;NA;61,54;90,57;61,79;38,45;35,42
TUW-256654;=HYPERLINK("D:\Java\git\MethodDemosGit\MethodDemos\output\groundtruth\TUW-256654.pdf");=HYPERLINK("D:\Java\git\MethodDemosGit\MethodDemos\output\result\result-TUW-256654-xstream.xml");=HYPERLINK("D:\Java\git\MethodDemosGit\MethodDemos\output\extracted\parscit\parscit-TUW-256654-xstream.xml");100,00;0;NA;NA;,00;0;,00;0;0;NA;NA;NA;NA;NA;NA;NA;66,67;100,00;54,29;29,17;29,63
TUW-140308;=HYPERLINK("D:\Java\git\MethodDemosGit\MethodDemos\output\groundtruth\TUW-140308.pdf");=HYPERLINK("D:\Java\git\MethodDemosGit\MethodDemos\output\result\result-TUW-140308-xstream.xml");=HYPERLINK("D:\Java\git\MethodDemosGit\MethodDemos\output\extracted\parscit\parscit-TUW-140308-xstream.xml");100,00;0;NA;NA;66,67;0;,00;0;0;NA;NA;NA;NA;NA;NA;NA;60,00;85,71;67,14;35,68;34,71
TUW-252847;=HYPERLINK("D:\Java\git\MethodDemosGit\MethodDemos\output\groundtruth\TUW-252847.pdf");=HYPERLINK("D:\Java\git\MethodDemosGit\MethodDemos\output\result\result-TUW-252847-xstream.xml");=HYPERLINK("D:\Java\git\MethodDemosGit\MethodDemos\output\extracted\parscit\parscit-TUW-252847-xstream.xml");100,00;0;NA;NA;55,56;0;,00;0;0;NA;NA;NA;NA;NA;NA;NA;93,33;88,89;63,61;41,36;37,53
TUW-138011;=HYPERLINK("D:\Java\git\MethodDemosGit\MethodDemos\output\groundtruth\TUW-138011.pdf");=HYPERLINK("D:\Java\git\MethodDemosGit\MethodDemos\output\result\result-TUW-138011-xstream.xml");=HYPERLINK("D:\Java\git\MethodDemosGit\MethodDemos\output\extracted\parscit\parscit-TUW-138011-xstream.xml");100,00;0;NA;NA;,00;0;,00;0;0;NA;NA;NA;NA;NA;NA;NA;90,91;80,00;52,67;31,11;30,10
TUW-169511;=HYPERLINK("D:\Java\git\MethodDemosGit\MethodDemos\output\groundtruth\TUW-169511.pdf");=HYPERLINK("D:\Java\git\MethodDemosGit\MethodDemos\output\result\result-TUW-169511-xstream.xml");=HYPERLINK("D:\Java\git\MethodDemosGit\MethodDemos\output\extracted\parscit\parscit-TUW-169511-xstream.xml");100,00;NA;NA;NA;,00;0;,00;0;0;NA;NA;NA;NA;NA;NA;NA;80,00;100,00;56,00;35,00;35,00
TUW-138447;=HYPERLINK("D:\Java\git\MethodDemosGit\MethodDemos\output\groundtruth\TUW-138447.pdf");=HYPERLINK("D:\Java\git\MethodDemosGit\MethodDemos\output\result\result-TUW-138447-xstream.xml");=HYPERLINK("D:\Java\git\MethodDemosGit\MethodDemos\output\extracted\parscit\parscit-TUW-138447-xstream.xml");0;0;NA;NA;80,00;NA;80,00;0;0;NA;NA;NA;NA;NA;NA;NA;51,85;84,21;75,00;39,86;37,01
TUW-203924;=HYPERLINK("D:\Java\git\MethodDemosGit\MethodDemos\output\groundtruth\TUW-203924.pdf");=HYPERLINK("D:\Java\git\MethodDemosGit\MethodDemos\output\result\result-TUW-203924-xstream.xml");=HYPERLINK("D:\Java\git\MethodDemosGit\MethodDemos\output\extracted\parscit\parscit-TUW-203924-xstream.xml");100,00;0;NA;0;,00;NA;,00;0;0;NA;NA;NA;NA;NA;NA;NA;54,55;51,43;45,85;21,21;22,89
TUW-201821;=HYPERLINK("D:\Java\git\MethodDemosGit\MethodDemos\output\groundtruth\TUW-201821.pdf");=HYPERLINK("D:\Java\git\MethodDemosGit\MethodDemos\output\result\result-TUW-201821-xstream.xml");=HYPERLINK("D:\Java\git\MethodDemosGit\MethodDemos\output\extracted\parscit\parscit-TUW-201821-xstream.xml");,00;0;NA;NA;66,67;0;,00;0;0;NA;NA;NA;NA;NA;0;NA;83,33;75,00;39,29;27,50;22,50
TUW-251544;=HYPERLINK("D:\Java\git\MethodDemosGit\MethodDemos\output\groundtruth\TUW-251544.pdf");=HYPERLINK("D:\Java\git\MethodDemosGit\MethodDemos\output\result\result-TUW-251544-xstream.xml");=HYPERLINK("D:\Java\git\MethodDemosGit\MethodDemos\output\extracted\parscit\parscit-TUW-251544-xstream.xml");100,00;0;NA;0;,00;0;,00;0;0;NA;NA;NA;NA;NA;NA;NA;50,00;62,50;55,00;18,30;21,25
TUW-140895;=HYPERLINK("D:\Java\git\MethodDemosGit\MethodDemos\output\groundtruth\TUW-140895.pdf");=HYPERLINK("D:\Java\git\MethodDemosGit\MethodDemos\output\result\result-TUW-140895-xstream.xml");=HYPERLINK("D:\Java\git\MethodDemosGit\MethodDemos\output\extracted\parscit\parscit-TUW-140895-xstream.xml");100,00;0;0;NA;0;NA;0;0;0;NA;NA;NA;NA;NA;NA;NA;37,21;85,29;73,74;25,00;24,72
TUW-191977;=HYPERLINK("D:\Java\git\MethodDemosGit\MethodDemos\output\groundtruth\TUW-191977.pdf");=HYPERLINK("D:\Java\git\MethodDemosGit\MethodDemos\output\result\result-TUW-191977-xstream.xml");=HYPERLINK("D:\Java\git\MethodDemosGit\MethodDemos\output\extracted\parscit\parscit-TUW-191977-xstream.xml");100,00;0;NA;NA;,00;0;,00;0;0;NA;NA;NA;NA;NA;NA;NA;88,89;90,91;56,00;31,48;31,09
TUW-257397;=HYPERLINK("D:\Java\git\MethodDemosGit\MethodDemos\output\groundtruth\TUW-257397.pdf");=HYPERLINK("D:\Java\git\MethodDemosGit\MethodDemos\output\result\result-TUW-257397-xstream.xml");=HYPERLINK("D:\Java\git\MethodDemosGit\MethodDemos\output\extracted\parscit\parscit-TUW-257397-xstream.xml");100,00;0;NA;NA;66,67;0;,00;0;0;NA;NA;NA;NA;NA;NA;NA;61,54;84,21;60,48;37,77;34,71
TUW-198400;=HYPERLINK("D:\Java\git\MethodDemosGit\MethodDemos\output\groundtruth\TUW-198400.pdf");=HYPERLINK("D:\Java\git\MethodDemosGit\MethodDemos\output\result\result-TUW-198400-xstream.xml");=HYPERLINK("D:\Java\git\MethodDemosGit\MethodDemos\output\extracted\parscit\parscit-TUW-198400-xstream.xml");100,00;0;NA;NA;,00;0;,00;0;0;NA;NA;NA;NA;NA;NA;NA;60,00;87,27;52,78;26,19;27,47
TUW-141336;=HYPERLINK("D:\Java\git\MethodDemosGit\MethodDemos\output\groundtruth\TUW-141336.pdf");=HYPERLINK("D:\Java\git\MethodDemosGit\MethodDemos\output\result\result-TUW-141336-xstream.xml");=HYPERLINK("D:\Java\git\MethodDemosGit\MethodDemos\output\extracted\parscit\parscit-TUW-141336-xstream.xml");100,00;0;NA;NA;,00;0;,00;0;0;NA;NA;NA;NA;NA;NA;NA;54,55;92,86;50,57;26,98;27,49
TUW-198401;=HYPERLINK("D:\Java\git\MethodDemosGit\MethodDemos\output\groundtruth\TUW-198401.pdf");=HYPERLINK("D:\Java\git\MethodDemosGit\MethodDemos\output\result\result-TUW-198401-xstream.xml");=HYPERLINK("D:\Java\git\MethodDemosGit\MethodDemos\output\extracted\parscit\parscit-TUW-198401-xstream.xml");100,00;0;NA;0;66,67;0;,00;0;0;NA;NA;NA;NA;NA;NA;NA;85,71;90,91;65,00;38,33;34,33
TUW-205557;=HYPERLINK("D:\Java\git\MethodDemosGit\MethodDemos\output\groundtruth\TUW-205557.pdf");=HYPERLINK("D:\Java\git\MethodDemosGit\MethodDemos\output\result\result-TUW-205557-xstream.xml");=HYPERLINK("D:\Java\git\MethodDemosGit\MethodDemos\output\extracted\parscit\parscit-TUW-205557-xstream.xml");100,00;0;NA;NA;,00;NA;,00;0;0;NA;NA;NA;NA;NA;NA;NA;0;100,00;40,00;28,57;25,00
