"TUW-137078";"=HYPERLINK("D:\Java\git\MethodDemosGit\MethodDemos\output\groundtruth\TUW-137078.pdf")";"=HYPERLINK("D:\Java\git\MethodDemosGit\MethodDemos\output\result\result-TUW-137078-xstream.xml")";"=HYPERLINK("D:\Java\git\MethodDemosGit\MethodDemos\output\extracted\parscit\parscit-TUW-137078-xstream.xml")";"




";"1.
2.
3.
4.";",00";",00";",00"
"TUW-138011";"=HYPERLINK("D:\Java\git\MethodDemosGit\MethodDemos\output\groundtruth\TUW-138011.pdf")";"=HYPERLINK("D:\Java\git\MethodDemosGit\MethodDemos\output\result\result-TUW-138011-xstream.xml")";"=HYPERLINK("D:\Java\git\MethodDemosGit\MethodDemos\output\extracted\parscit\parscit-TUW-138011-xstream.xml")";"








";"1.
2.
3.
4.
5.
6.
7.
8.
9.
10.";",00";",00";",00"
"TUW-138447";"=HYPERLINK("D:\Java\git\MethodDemosGit\MethodDemos\output\groundtruth\TUW-138447.pdf")";"=HYPERLINK("D:\Java\git\MethodDemosGit\MethodDemos\output\result\result-TUW-138447-xstream.xml")";"=HYPERLINK("D:\Java\git\MethodDemosGit\MethodDemos\output\extracted\parscit\parscit-TUW-138447-xstream.xml")";"


















";"1.
2.
3.
4.
5.
6.
7.
8.
9.
11.
12.
13.
14.
16.
17.
18.
19.
20.";",00";",00";",00"
"TUW-138544";"=HYPERLINK("D:\Java\git\MethodDemosGit\MethodDemos\output\groundtruth\TUW-138544.pdf")";"=HYPERLINK("D:\Java\git\MethodDemosGit\MethodDemos\output\result\result-TUW-138544-xstream.xml")";"=HYPERLINK("D:\Java\git\MethodDemosGit\MethodDemos\output\extracted\parscit\parscit-TUW-138544-xstream.xml")";"





";"[1]
[2]
[3]
[4]";",00";",00";",00"
"TUW-138547";"=HYPERLINK("D:\Java\git\MethodDemosGit\MethodDemos\output\groundtruth\TUW-138547.pdf")";"=HYPERLINK("D:\Java\git\MethodDemosGit\MethodDemos\output\result\result-TUW-138547-xstream.xml")";"=HYPERLINK("D:\Java\git\MethodDemosGit\MethodDemos\output\extracted\parscit\parscit-TUW-138547-xstream.xml")";"





";"[1]
[2]
[4]
[5]
[6]
[7]";",00";",00";",00"
"TUW-139299";"=HYPERLINK("D:\Java\git\MethodDemosGit\MethodDemos\output\groundtruth\TUW-139299.pdf")";"=HYPERLINK("D:\Java\git\MethodDemosGit\MethodDemos\output\result\result-TUW-139299-xstream.xml")";"=HYPERLINK("D:\Java\git\MethodDemosGit\MethodDemos\output\extracted\parscit\parscit-TUW-139299-xstream.xml")";"









";"[Alder, 2002a]
[Alder, 2002b]
[Hadorn, 1995]
[Miksch, 1999]
[Miksch et al., 1997]
[Peleg et al., 2003]
[Plaisant et al., 1998]
[Seyfang et al., 2002]
[Society for Medical Decision Making, 1992]
[Wang et al., 2001]";",00";",00";",00"
"TUW-139761";"=HYPERLINK("D:\Java\git\MethodDemosGit\MethodDemos\output\groundtruth\TUW-139761.pdf")";"=HYPERLINK("D:\Java\git\MethodDemosGit\MethodDemos\output\result\result-TUW-139761-xstream.xml")";"=HYPERLINK("D:\Java\git\MethodDemosGit\MethodDemos\output\extracted\parscit\parscit-TUW-139761-xstream.xml")";"[BBG97]
[BCK92]
[BFM97]
[BNKF98]
[Bol86]
[BS73]
[Dav02]
[DS95]
[DS01]
[Dua95]
[Eng82]
[Fra94]
[G+04]
[GS96]
[Han97]
[Han98]
[Hol75]
[Hul02]
[K+03]
[KBAK99]
[Keb99]
[Koz92]
[Koz94]
[Mic92]
[Nef00]
[Nol97]
[Obj03]
[PL04]
[Rey92]
[Sin94]
[Str98]
[Vie97]
[Wei97]
[Zol86]";"[BBG97]
[BCK92]
[BFM97]
[BNKF98]
[Bol86]
[BS73]
[Dav02]
[DS95]
[DS01]
[Dua95]
[Eng82]
[Fra94]
[G+04]
[GS96]
[Han97]
[Han98]
[Hol75]
[Hul02]
[K+03]
[KBAK99]
[Keb99]
[Koz92]
[Koz94]
[Mic92]
[Nef00]
[Nol97]
[Obj03]
[PL04]
[Rey92]
[Sin94]
[Str98]
[Vie97]
[Wei97]
[Zol86]";"1,00";"1,00";"1,00"
"TUW-139769";"=HYPERLINK("D:\Java\git\MethodDemosGit\MethodDemos\output\groundtruth\TUW-139769.pdf")";"=HYPERLINK("D:\Java\git\MethodDemosGit\MethodDemos\output\result\result-TUW-139769-xstream.xml")";"=HYPERLINK("D:\Java\git\MethodDemosGit\MethodDemos\output\extracted\parscit\parscit-TUW-139769-xstream.xml")";"








































";"[1]
[3]
[4]
[5]
[6]
[7]
[8]
[9]
[10]
[11]
[12]
[13]
[15]
[16]
[17]
[18]
[19]
[20]
[21]
[22]
[23]
[24]
[25]
[26]
[27]
[28]
[29]
[30]
[31]
[32]
[33]
[34]
[35]
[36]
[37]
[38]
[39]
[40]
[41]
[42]";",00";",00";",00"
"TUW-139781";"=HYPERLINK("D:\Java\git\MethodDemosGit\MethodDemos\output\groundtruth\TUW-139781.pdf")";"=HYPERLINK("D:\Java\git\MethodDemosGit\MethodDemos\output\result\result-TUW-139781-xstream.xml")";"=HYPERLINK("D:\Java\git\MethodDemosGit\MethodDemos\output\extracted\parscit\parscit-TUW-139781-xstream.xml")";"






";"[1]
[2]
[3]
[4]
[5]
[6]
[7]
[8]";",00";",00";",00"
"TUW-139785";"=HYPERLINK("D:\Java\git\MethodDemosGit\MethodDemos\output\groundtruth\TUW-139785.pdf")";"=HYPERLINK("D:\Java\git\MethodDemosGit\MethodDemos\output\result\result-TUW-139785-xstream.xml")";"=HYPERLINK("D:\Java\git\MethodDemosGit\MethodDemos\output\extracted\parscit\parscit-TUW-139785-xstream.xml")";"











































";"[1]
[2]
[3]
[4]
[5]
[6]
[7]
[8]
[9]
[10]
[11]
[12]
[13]
[14]
[15]
[16]
[17]
[18]
[19]
[20]
[21]
[22]
[23]
[24]
[25]
[26]
[27]
[28]
[29]
[30]
[31]
[32]
[33]
[34]
[35]
[36]
[37]
[38]
[39]
[40]
[41]
[42]
[43]
[44]
[45]";",00";",00";",00"
"TUW-140047";"=HYPERLINK("D:\Java\git\MethodDemosGit\MethodDemos\output\groundtruth\TUW-140047.pdf")";"=HYPERLINK("D:\Java\git\MethodDemosGit\MethodDemos\output\result\result-TUW-140047-xstream.xml")";"=HYPERLINK("D:\Java\git\MethodDemosGit\MethodDemos\output\extracted\parscit\parscit-TUW-140047-xstream.xml")";"



";"[1]
[2]
[3]
[4]
[5]";",00";",00";",00"
"TUW-140048";"=HYPERLINK("D:\Java\git\MethodDemosGit\MethodDemos\output\groundtruth\TUW-140048.pdf")";"=HYPERLINK("D:\Java\git\MethodDemosGit\MethodDemos\output\result\result-TUW-140048-xstream.xml")";"=HYPERLINK("D:\Java\git\MethodDemosGit\MethodDemos\output\extracted\parscit\parscit-TUW-140048-xstream.xml")";"[BEA03]
[BJJW02]
[HH04a]
[HH04b]
[HHK05]
[ISO95]
[Obj00]
[Obj04]
[Ros02]
[UN/01]
[UN/03]
[Wor99]
[Wor04]";"[BEA03]
[BJJW02]
[HH04a]
[HH04b]
[HHK05]
[ISO95]
[Obj00]
[Obj04]
[Ros02]
[UN/01]
[UN/03]
[Wor99]
[Wor04]";"1,00";"1,00";"1,00"
"TUW-140229";"=HYPERLINK("D:\Java\git\MethodDemosGit\MethodDemos\output\groundtruth\TUW-140229.pdf")";"=HYPERLINK("D:\Java\git\MethodDemosGit\MethodDemos\output\result\result-TUW-140229-xstream.xml")";"=HYPERLINK("D:\Java\git\MethodDemosGit\MethodDemos\output\extracted\parscit\parscit-TUW-140229-xstream.xml")";"








";"[1]
[2]
[3]
[5]
[6]
[7]
[8]
[9]
[10]";",00";",00";",00"
"TUW-140253";"=HYPERLINK("D:\Java\git\MethodDemosGit\MethodDemos\output\groundtruth\TUW-140253.pdf")";"=HYPERLINK("D:\Java\git\MethodDemosGit\MethodDemos\output\result\result-TUW-140253-xstream.xml")";"=HYPERLINK("D:\Java\git\MethodDemosGit\MethodDemos\output\extracted\parscit\parscit-TUW-140253-xstream.xml")";"

































";"Agha, Mason, Smith, Talcott, 1992
Arbab, 2005
Bacon, Strom, Tarafdar, 2000
Boyapati, Rinard, 2001
Brinch-Hansen, 1975
Caromel, 1993
Choi, Gupta, Serrano, Sreedhar, Midkiff, 1999
Colaco, Pantel, Salle, 1997
de Alfaro, Henzinger, 2001
Flanagan, Abadi, 1999
Heuzeroth, Reussner, 1999
Jacobsen, Krämer, 1998
Kobayashi, Pierce, Turner, 1999
Kobayashi, Yonezawa, 1994
Lee, Xiong, 2004
Liskov, Wing, 1993
Matsuoka, Yonezawa, 1993
Meyer, 1993
Meyer, 1997
Meyer, 2003
Mezini, Ostermann, 2002
Milner, Parrow, Walker, 1992
Najm, Nimour, 1997
Nielson, Nielson, 1993
Nierstrasz, 1993
Plasil, Visnovsky, 2002
Puntigam, 1995
Puntigam, 1997
Puntigam, 2000
Puntigam, 2003
Ravara, Vasconcelos, 1997
Südholt, 2005
Vivien, Rinard, 2001
von Praun, Gross, 2003
Yellin, Strom, 1997";",00";",00";",00"
"TUW-140308";"=HYPERLINK("D:\Java\git\MethodDemosGit\MethodDemos\output\groundtruth\TUW-140308.pdf")";"=HYPERLINK("D:\Java\git\MethodDemosGit\MethodDemos\output\result\result-TUW-140308-xstream.xml")";"=HYPERLINK("D:\Java\git\MethodDemosGit\MethodDemos\output\extracted\parscit\parscit-TUW-140308-xstream.xml")";"


";"2.
3.
4.";",00";",00";",00"
"TUW-140533";"=HYPERLINK("D:\Java\git\MethodDemosGit\MethodDemos\output\groundtruth\TUW-140533.pdf")";"=HYPERLINK("D:\Java\git\MethodDemosGit\MethodDemos\output\result\result-TUW-140533-xstream.xml")";"=HYPERLINK("D:\Java\git\MethodDemosGit\MethodDemos\output\extracted\parscit\parscit-TUW-140533-xstream.xml")";"





































";"FORALL, 1998
Ahrendt, Baar, Beckert, Bubel, Giese, Hähnle, Menzel, Mostowski, Roth, Schlager, Schmitt, 2004
Programmverifikation, 1994
Baader, Nipkow, 1998
Bauer, Clarke, Zhao, 1998
Beckert, Giese, Habermalz, Hähnle, Roth, Rümmer, Schlager, 2004
Bundy, 2004
Clarke, Zhao, 1993
Crocker, 2001
Crocker, 2003
Crocker, 2003
Crocker, 2004
Crocker, 2004
Dijkstra, Scholten, 1990
Fitting, 1990
Freining, Kauer, Winkler, 2002
Gallier, 2003
Gannon, Purtilo, Zelkowitz, 1993
Gentzen, 1935
Gries, 1989
Griffioen, Huisman, 1998
Hoare, 1969
Hoare, 2003
Huth, Ryan, 2004
Jones, 2003
Meyer, 2003
OMG, 2003
OMG, 2003
Owre, Rushby, Shankar, 1992
Owre, Rushby, Shankar, Stringer-Calvert, 1998
Owre, Rushby, Shankar, Stringer-Calvert, 2001
Owre, Rushby, Shankar, Stringer-Calvert, 2001
Owre, Rushby, Shankar, Stringer-Calvert, 2001
Owre, Shankar, 1999
Salzer, 2002
Logic, Springer-Verlag, 2004
Winkler, 1995
Winkler, 1997
Zolda, 2004";",00";",00";",00"
"TUW-140867";"=HYPERLINK("D:\Java\git\MethodDemosGit\MethodDemos\output\groundtruth\TUW-140867.pdf")";"=HYPERLINK("D:\Java\git\MethodDemosGit\MethodDemos\output\result\result-TUW-140867-xstream.xml")";"=HYPERLINK("D:\Java\git\MethodDemosGit\MethodDemos\output\extracted\parscit\parscit-TUW-140867-xstream.xml")";"







";"[1]
[2]
[3]
[4]
[5]
[6]
[7]
[8]";",00";",00";",00"
"TUW-140895";"=HYPERLINK("D:\Java\git\MethodDemosGit\MethodDemos\output\groundtruth\TUW-140895.pdf")";"=HYPERLINK("D:\Java\git\MethodDemosGit\MethodDemos\output\result\result-TUW-140895-xstream.xml")";"=HYPERLINK("D:\Java\git\MethodDemosGit\MethodDemos\output\extracted\parscit\parscit-TUW-140895-xstream.xml")";"

































";"[1]
[2]
[3]
[4]
[5]
[6]
[7]
[8]
[9]
[10]
[11]
[12]
[13]
[14]
[15]
[17]
[18]
[19]
[20]
[21]
[22]
[23]
[24]
[25]
[26]
[27]
[28]
[29]
[30]
[31]
[32]
[33]
[34]";",00";",00";",00"
"TUW-140983";"=HYPERLINK("D:\Java\git\MethodDemosGit\MethodDemos\output\groundtruth\TUW-140983.pdf")";"=HYPERLINK("D:\Java\git\MethodDemosGit\MethodDemos\output\result\result-TUW-140983-xstream.xml")";"=HYPERLINK("D:\Java\git\MethodDemosGit\MethodDemos\output\extracted\parscit\parscit-TUW-140983-xstream.xml")";"


";"[1]
[2]
[3]";",00";",00";",00"
"TUW-141024";"=HYPERLINK("D:\Java\git\MethodDemosGit\MethodDemos\output\groundtruth\TUW-141024.pdf")";"=HYPERLINK("D:\Java\git\MethodDemosGit\MethodDemos\output\result\result-TUW-141024-xstream.xml")";"=HYPERLINK("D:\Java\git\MethodDemosGit\MethodDemos\output\extracted\parscit\parscit-TUW-141024-xstream.xml")";"









";"[2]
[3]
[4]
[5]
[6]
[7]
[8]
[9]
[10]
[11]";",00";",00";",00"
"TUW-141065";"=HYPERLINK("D:\Java\git\MethodDemosGit\MethodDemos\output\groundtruth\TUW-141065.pdf")";"=HYPERLINK("D:\Java\git\MethodDemosGit\MethodDemos\output\result\result-TUW-141065-xstream.xml")";"=HYPERLINK("D:\Java\git\MethodDemosGit\MethodDemos\output\extracted\parscit\parscit-TUW-141065-xstream.xml")";"












";"[1]
[2]
[3]
[4]
[5]
[6]
[7]
[8]
[10]
[11]
[12]
[13]
[14]";",00";",00";",00"
"TUW-141121";"=HYPERLINK("D:\Java\git\MethodDemosGit\MethodDemos\output\groundtruth\TUW-141121.pdf")";"=HYPERLINK("D:\Java\git\MethodDemosGit\MethodDemos\output\result\result-TUW-141121-xstream.xml")";"=HYPERLINK("D:\Java\git\MethodDemosGit\MethodDemos\output\extracted\parscit\parscit-TUW-141121-xstream.xml")";"




";"1.
2.
3.
4.
5.
6.";",00";",00";",00"
"TUW-141140";"=HYPERLINK("D:\Java\git\MethodDemosGit\MethodDemos\output\groundtruth\TUW-141140.pdf")";"=HYPERLINK("D:\Java\git\MethodDemosGit\MethodDemos\output\result\result-TUW-141140-xstream.xml")";"=HYPERLINK("D:\Java\git\MethodDemosGit\MethodDemos\output\extracted\parscit\parscit-TUW-141140-xstream.xml")";"






";"[1]
[2]
[3]
[4]
[6]
[7]
[8]";",00";",00";",00"
"TUW-141336";"=HYPERLINK("D:\Java\git\MethodDemosGit\MethodDemos\output\groundtruth\TUW-141336.pdf")";"=HYPERLINK("D:\Java\git\MethodDemosGit\MethodDemos\output\result\result-TUW-141336-xstream.xml")";"=HYPERLINK("D:\Java\git\MethodDemosGit\MethodDemos\output\extracted\parscit\parscit-TUW-141336-xstream.xml")";"(Chen, Interian, 2005)
(Cocco, Dubois, Mandler, Monasson, 2003)
(Creignou, Daudé, 2003)
(Creignou, Daudé, Dubois, 2003)
(Creignou, Khanna, Sudan, 2001)
(Dubois, Boufkhad, Mandler, 2000)
(Dubois, Mandler, 2002)
(Dubois, Monasson, Selman, Zecchina, 2001)
(Erd?s, Rényi, 1960)
(Franz, Leone, Ricci-Tersenghi, Zecchina, 2001)
(Gent, Walsh, 1999)
(Janson, 1987)
(Janson, Luczak, Rucinski, 2000)
(Takács, 1988)";"Chen, Interian, 2005
Cocco, Dubois, Mandler, Monasson, 2003
Creignou, Daud´e, 2003
Creignou, Daud´e, Dubois, 2003
Creignou, Khanna, Sudan, 2001
Dubois, Boufkhad, Mandler, 2000
Dubois, Mandler, 2002
Dubois, Monasson, Selman, Zecchina, 2001
Erdös, R´enyi, 1960
Franz, Leone, Ricci-Tersenghi, Zecchina, 2001
Gent, Walsh, 1999
Janson, 1987
Janson, Luczak, Rucinski, 2000
Takäcs, 1988";",86";",86";",86"
"TUW-141618";"=HYPERLINK("D:\Java\git\MethodDemosGit\MethodDemos\output\groundtruth\TUW-141618.pdf")";"=HYPERLINK("D:\Java\git\MethodDemosGit\MethodDemos\output\result\result-TUW-141618-xstream.xml")";"=HYPERLINK("D:\Java\git\MethodDemosGit\MethodDemos\output\extracted\parscit\parscit-TUW-141618-xstream.xml")";"



































";"[1]
[2]
[3]
[4]
[5]
[6]
[7]
[8]
[9]
[10]
[11]
[12]
[13]
[14]
[15]
[16]
[18]
[19]
[20]
[21]
[22]
[23]
[24]
[25]
[26]
[27]
[28]
[29]
[30]
[31]
[32]
[33]
[34]
[35]
[36]
[37]";",00";",00";",00"
"TUW-141758";"=HYPERLINK("D:\Java\git\MethodDemosGit\MethodDemos\output\groundtruth\TUW-141758.pdf")";"=HYPERLINK("D:\Java\git\MethodDemosGit\MethodDemos\output\result\result-TUW-141758-xstream.xml")";"=HYPERLINK("D:\Java\git\MethodDemosGit\MethodDemos\output\extracted\parscit\parscit-TUW-141758-xstream.xml")";"[Aronow, Feng, 1997]
[Aronson, 2001]
[Atkins, Best, Briss, Eccles, Falck-Ytter, Flottorp, Guyatt, Harbour, Haugh, Henry, Hill, Jaeschke, Leng, Liberati, Magrini, Mason, Middleton, Mrukowicz, O’Connell, Oxman, Phillips, Schünemann, Edejer, Varonen, Vist, Williams, Zaza, The GRADE Working Group, 2004a]
[Atkins, Briss, Eccles, Flottorp, Guyatt, Harbour, Hill, Jaeschke, Liberati, Magrini, Mason, O’Connell, Oxman, Phillips, Schünemann, Edejer, Vist, Williams Jr., The GRADE Working Group, 2005]
[Atkins, Eccles, Flottorp, Guyatt, Henry, Hill, Liberati, O’Connell, Oxman, Phillips, Schünemann, Edejer, Vist, Williams Jr., The GRADE Working Group, 2004b]
[Boytcheva, Strupchanska, Paskaleva, Tcharaktchiev, 2005]
[Bruix, Sherman, Practice Guidelines Committee, American Association for the Study of Liver Diseases, 2005]
[Chapman, Bridewell, Hanbury, Cooper, Buchanan, 2001]
[Divita, 2005]
[Elkin, Brown, Bauer, Husser, Carruth, Bergstrom, Wahner-Roedler, 2005]
[Feder, Eccles, Grol, Griffiths, Grimshaw, 1999]
[Field, Lohr, 1990]
[Hahn, Wingard, Anderson, Bensinger, Berenson, Brozeit, Carver, Kyle, PL, 2003]
[Hazlehurst, Frost, Sittig, Stevens, 2005]
[Horn, 1989]
[Hripcsak, Friedman, Alderson, DuMouchel, Johnson, Clayton, 1995]
[Huang, Lowe, 2007]
[Humphreys, Schuyler, 1993]
[Kaiser, 2007]
[Kaiser, Martini, Miksch, Öztürk, 2007]
[Klein, Manning, 2003]
[Kvale, 2006]
[Kvale, Simoff, Prakash, 2003]
[Lee, Geller, 2006]
[Lehnert, Cardie, Fisher, McCarthy, Riloff, Soderland, 1994]
[Mccray, 1989]
[Meystre, Haug, 2005]
[Miaskkowski, Cleary, Burney, Coyne, Finley, Foster, Grossman, Janjan, Ray, Syrjala, Weisman, Pettit, Zahrbock, 2005]
[Mitchell, Becich, Berman, Chapman, Gilbertson, Gupta, Harrison, Legowski, Crowley, 2004]
[Mutalik, Deshpande, Nadkarni, 2001]
[National Collaborating Centre for Acute Care, 2005]
[Otchy, Hyman, Simmang, Anthony, Buie, Cataldo, Church, Cohen, Dentsman, Ellis, 3rd, Ko, Moore, Orsay, Place, Rafferty, Rakinic, Savoca, Tjandra, Whiteford, 2004]
[Patrick, Wang, Budd, 2006]
[Rizzo, Lichtin, Woolf, Seidenfeld, Bennett, Cella, Djulbegovic, Goode, Jakubowski, Lee, Miller, Rarick, Regan, Browman, Gordon, 2002]
[Scottish Intercollegiate Guidelines Network (SIGN), 2003a]
[Scottish Intercollegiate Guidelines Network (SIGN), 2003b]
[Scottish Intercollegiate Guidelines Network (SIGN), 2004]
[Scottish Intercollegiate Guidelines Network (SIGN), 2005a]
[Scottish Intercollegiate Guidelines Network (SIGN), 2005b]
[Shekelle, Woolf, Eccles, Grimshaw, 1999]
[Simon, Wagner, 2003]
[Singapore Ministry of Health, 2004a]
[Singapore Ministry of Health, 2004b]
[Singapore Ministry of Health, National Committee on Cancer Care, 2004]
[SNOMED International, 2006]
[Socinsky, Morris, Masters, Lilenbaum, 2003]
[Tolentino, Matters, Walop, Law, Tong, Liu, Fontelo, Kohl, Payne, 2006]
[Winquist, Oliver, Gilbert, 2004]
[Wolkov, Constine, Yahalom, Chauvenet, Hoppe, Abrams, Deming, Mendenhall, Morris, Ng, Hudson, Winter, Mauch, 2005]";"[Aronow and Feng, 1997]
[Aronson, 2001]
[Boytcheva et al., 2005]
[Bruix et al., 2005]
[Chapman et al., 2001]
[Divita, 2005]
[Elkin et al., 2005]
[Feder et al., 1999]
[Field and Lohr, 1990]
[Hahn et al., 2003]
[Hazlehurst et al., 2005]
[Horn, 1989]
[Hripcsak et al., 1995]
[Huang and Lowe, 2007]
[Humphreys and Schuyler, 1993]
[Kaiser, 2007]
[Kaiser et al., 2007]
[Klein and Manning, 2003]
[Kvale, 2006]
[Kvale et al., 2003]
[Lee and Geller, 2006]
[Lehnert et al., 1994]
[McCray, 1989]
[Meystre and Haug, 2005]
[Miaskkowski et al., 2005]
[Mitchell et al., 2004]
[Mutalik et al., 2001]
[National Collaborating Centre for Acute Care, 2005]
[Otchy et al., 2004]
[Patrick et al., 2006]
[Rizzo et al., 2002]
[Scottish Intercollegiate Guidelines Network (SIGN), 2004]
[Shekelle et al., 1999]
[Simon and Wagner, 2003]
[Singapore Ministry of Health, National Committee on Cancer Care, 2004]
[SNOMED International, 2006]
[Socinsky et al., 2003]
[Tolentino et al., 2006]
[Winquist et al., 2004]
[Wolkov et al., 2005]";",45";",37";",40"
"TUW-168222";"=HYPERLINK("D:\Java\git\MethodDemosGit\MethodDemos\output\groundtruth\TUW-168222.pdf")";"=HYPERLINK("D:\Java\git\MethodDemosGit\MethodDemos\output\result\result-TUW-168222-xstream.xml")";"=HYPERLINK("D:\Java\git\MethodDemosGit\MethodDemos\output\extracted\parscit\parscit-TUW-168222-xstream.xml")";"

";"[1]
[2]
[3]";",00";",00";",00"
"TUW-168482";"=HYPERLINK("D:\Java\git\MethodDemosGit\MethodDemos\output\groundtruth\TUW-168482.pdf")";"=HYPERLINK("D:\Java\git\MethodDemosGit\MethodDemos\output\result\result-TUW-168482-xstream.xml")";"=HYPERLINK("D:\Java\git\MethodDemosGit\MethodDemos\output\extracted\parscit\parscit-TUW-168482-xstream.xml")";"[Avr91]
[BF99]
[CFM04]
[Dum59]
[EG01]
[EGHM03]
[Fer09]
[FK06]
[FP03]
[Gen69]
[Gil74]
[Gil82]
[Göd32]
[Gog69]
[Háj02]
[HGE95]
[HGE96]
[Há02]
[KMP00]
[Lor60]
[Lor61]
[Luk20]
[MOG04]
[MOG05]
[RJM94]
[Sca62]
[Zad96]";"[Avr91]
[BF99]
[CFM04]
[Dum59]
[EG01]
[EGHM03]
[Fer09]
[FK06]
[FP03]
[Gen69]
[Gil74]
[Gil82]
[Göd32]
[Gog69]
[Häj02]
[HGE95]
[HGE96]
[Hä02]
[KMP00]
[Lor60]
[Lor61]
[Luk20]
[MOG04]
[MOG05]
[RJM94]
[Sca62]";",92";",89";",91"
"TUW-169511";"=HYPERLINK("D:\Java\git\MethodDemosGit\MethodDemos\output\groundtruth\TUW-169511.pdf")";"=HYPERLINK("D:\Java\git\MethodDemosGit\MethodDemos\output\result\result-TUW-169511-xstream.xml")";"=HYPERLINK("D:\Java\git\MethodDemosGit\MethodDemos\output\extracted\parscit\parscit-TUW-169511-xstream.xml")";"




";"1.
2.
3.
4.
5.
6.";",00";",00";",00"
"TUW-172697";"=HYPERLINK("D:\Java\git\MethodDemosGit\MethodDemos\output\groundtruth\TUW-172697.pdf")";"=HYPERLINK("D:\Java\git\MethodDemosGit\MethodDemos\output\result\result-TUW-172697-xstream.xml")";"=HYPERLINK("D:\Java\git\MethodDemosGit\MethodDemos\output\extracted\parscit\parscit-TUW-172697-xstream.xml")";"m
m
j";"[1]
[2]
[3]";",00";",00";",00"
"TUW-174216";"=HYPERLINK("D:\Java\git\MethodDemosGit\MethodDemos\output\groundtruth\TUW-174216.pdf")";"=HYPERLINK("D:\Java\git\MethodDemosGit\MethodDemos\output\result\result-TUW-174216-xstream.xml")";"=HYPERLINK("D:\Java\git\MethodDemosGit\MethodDemos\output\extracted\parscit\parscit-TUW-174216-xstream.xml")";"[Bearman, 1999]|m
[Becker et al., 2008a]
[Becker et al., 2008b]|m
[Beckerle and Westhead, 2004]|m
[Brandl and Keller-Marxer, 2007]|m
[Canfield and Xing, 2005]|m
[Consultative Committee for Space Data Systems, 2002]|m
[Díaz et al., 2002]
[Digital Preservation Testbed Project, 2002]|m
[Ferreira et al., 2007]
[Fisher et al., 2006]
[van der Hoeven and van Wijngaarden, 2005]
[ISO, 2002]|m
[ISO, 2004]|m
[ISO, 2006]|m
[ISO19005, 2004]|m
[ISSN 1082-9873, 2000]|m
[K.Fisher and Gruber, 2005]
[Lawrence et al., 2000]|m
[Mellor et al., 2002]|m
[Ramalho et al., 2007]
[Rothenberg, 1999]|m
[Rothenberg and Bikson, 1999]|m
[Strodl et al., 2007]
[Testbed, 2001]
[The 100 Year Archive Task Force, 2007]|j
[The Library of Congress, 2007]|j
[UNESCO, 2003]|j";"[Bearman, 1999]
[Becker et al., 2008a]
[Becker et al., 2008b]
[Beckerle and Westhead, 2004]
[Brandl and Keller-Marxer, 2007]
[Canfield and Xing, 2005]
[Consultative Committee for Space Data Systems, 2002]
[D´?az et al., 2002]
[Digital Preservation Testbed Project, 2002]
[Ferreira et al., 2007]
[Fisher et al., 2006]
[ISO, 2002]
[ISO, 2006]
[ISO19005, 2004]
[ISSN 1082-9873, 2000]
[K.Fisher and Gruber, 2005]
[Lawrence et al., 2000]
[Mellor et al., 2002]
[Ramalho et al., 2007]
[Rothenberg, 1999]
[Rothenberg and Bikson, 1999]
[Strodl et al., 2007]
[Testbed, 2001]
[The 100 Year Archive Task Force, 2007]
[The Library of Congress, 2007]
[UNESCO, 2003]";",77";",71";",74"
"TUW-175428";"=HYPERLINK("D:\Java\git\MethodDemosGit\MethodDemos\output\groundtruth\TUW-175428.pdf")";"=HYPERLINK("D:\Java\git\MethodDemosGit\MethodDemos\output\result\result-TUW-175428-xstream.xml")";"=HYPERLINK("D:\Java\git\MethodDemosGit\MethodDemos\output\extracted\parscit\parscit-TUW-175428-xstream.xml")";"m
j
m
j
j
j
j
m
j
j
j
m
j
m
j
m
j
m
m";"[1]
[2]
[3]
[4]
[5]
[6]
[7]
[8]
[9]
[10]
[11]
[12]
[13]
[14]
[15]
[16]
[17]
[18]
[19]";",00";",00";",00"
"TUW-176087";"=HYPERLINK("D:\Java\git\MethodDemosGit\MethodDemos\output\groundtruth\TUW-176087.pdf")";"=HYPERLINK("D:\Java\git\MethodDemosGit\MethodDemos\output\result\result-TUW-176087-xstream.xml")";"=HYPERLINK("D:\Java\git\MethodDemosGit\MethodDemos\output\extracted\parscit\parscit-TUW-176087-xstream.xml")";"j
j
j
j
j
j
j
j
j
j
j
j
j
j
";"[1]
[2]
[3]
[4]
[5]
[6]
[7]
[8]
[9]
[10]
[11]
[12]
[13]
[14]";",00";",00";",00"
"TUW-177140";"=HYPERLINK("D:\Java\git\MethodDemosGit\MethodDemos\output\groundtruth\TUW-177140.pdf")";"=HYPERLINK("D:\Java\git\MethodDemosGit\MethodDemos\output\result\result-TUW-177140-xstream.xml")";"=HYPERLINK("D:\Java\git\MethodDemosGit\MethodDemos\output\extracted\parscit\parscit-TUW-177140-xstream.xml")";"m
j
j
m
m
m
m
m
m
m
m
m
m
m
m";"1.
2.
3.
4.
5.
6.
7.
8.
9.
10.
11.
12.
13.
14.
15.";",00";",00";",00"
"TUW-179146";"=HYPERLINK("D:\Java\git\MethodDemosGit\MethodDemos\output\groundtruth\TUW-179146.pdf")";"=HYPERLINK("D:\Java\git\MethodDemosGit\MethodDemos\output\result\result-TUW-179146-xstream.xml")";"=HYPERLINK("D:\Java\git\MethodDemosGit\MethodDemos\output\extracted\parscit\parscit-TUW-179146-xstream.xml")";"
















";"[1]
[2]
[3]
[4]
[5]
[6]
[7]
[8]
[9]
[10]
[11]
[12]
[13]
[14]
[15]
[16]
[17]
[18]";",00";",00";",00"
"TUW-180162";"=HYPERLINK("D:\Java\git\MethodDemosGit\MethodDemos\output\groundtruth\TUW-180162.pdf")";"=HYPERLINK("D:\Java\git\MethodDemosGit\MethodDemos\output\result\result-TUW-180162-xstream.xml")";"=HYPERLINK("D:\Java\git\MethodDemosGit\MethodDemos\output\extracted\parscit\parscit-TUW-180162-xstream.xml")";"




















";"[1]
[2]
[3]
[4]
[5]
[6]
[9]
[10]
[11]
[12]
[13]
[14]
[15]
[16]
[18]
[19]
[20]
[21]";",00";",00";",00"
"TUW-181199";"=HYPERLINK("D:\Java\git\MethodDemosGit\MethodDemos\output\groundtruth\TUW-181199.pdf")";"=HYPERLINK("D:\Java\git\MethodDemosGit\MethodDemos\output\result\result-TUW-181199-xstream.xml")";"=HYPERLINK("D:\Java\git\MethodDemosGit\MethodDemos\output\extracted\parscit\parscit-TUW-181199-xstream.xml")";"














";"1.
2.
3.
4.
5.
6.
7.
8.
9.
10.
11.
12.
13.
14.
15.
16.";",00";",00";",00"
"TUW-182414";"=HYPERLINK("D:\Java\git\MethodDemosGit\MethodDemos\output\groundtruth\TUW-182414.pdf")";"=HYPERLINK("D:\Java\git\MethodDemosGit\MethodDemos\output\result\result-TUW-182414-xstream.xml")";"=HYPERLINK("D:\Java\git\MethodDemosGit\MethodDemos\output\extracted\parscit\parscit-TUW-182414-xstream.xml")";"[ASC05]
[BRO06]
[HBL08]
[KAH97]
[MAN00]
[MAS06]
[NEU08]
[RAU08]
[SAN07]
[STA00]
[WEI08]";"[ASC05]
[BRO06]
[KAH97]
[NEU08]
[RAU08]
[SAN07]
[STA00]
[WEI08]";"1,00";",73";",84"
"TUW-182899";"=HYPERLINK("D:\Java\git\MethodDemosGit\MethodDemos\output\groundtruth\TUW-182899.pdf")";"=HYPERLINK("D:\Java\git\MethodDemosGit\MethodDemos\output\result\result-TUW-182899-xstream.xml")";"=HYPERLINK("D:\Java\git\MethodDemosGit\MethodDemos\output\extracted\parscit\parscit-TUW-182899-xstream.xml")";"(Boud, Keogh, 1985)
(Cannings, Talley, 2003)
(Cherry, 2005)
(Chuang, Rosenbusch, 2005)
(Clark, Brennan, 1991)
(Collier, 1999)
(Conati, Carenini, 2001)
(Crabtree, Rodden, al., 2004)
(Davis, 2006)
(Dillenbourg, 1999)
(Fleck, 2008)
(Fleck, Fitzpatrick, 2006)
(Frohlich, 2004)
(Harper, Randall, al., 2008)
(Harper, Randell, al., 2007)
(Hatton, Smith, 1995)
(Hutchinson, Bryson, 1997)
(Jones, McNamara, 2004)
(Kindberg, Spasojevic, al., 2005)
(Lee, 2005)
(Lemon, 2007)
(Leung, Kember, 2003)
(Lindley, Harper, al., 2009)
(Manouchehri, 2002)
(Mcdonnell, Lloyd, al., 2002)
(Moon, 1999)
(Parry, null)
(Parsons, Stephenson, 2005)
(Reinman, 1999)
(Schön, 1983)
(Sellen, Fogg, al., 2007)
(Sharpe, Hu, al., 2003)
(Sherin, van Es, 2002)
(Thomson, MacDougall, al., 2005)
(Thomson, Macdougall, al., 2005)
(Ward, McCotter, 2004)
(Williams, Wood, 2004)
(Zuber-Skerritt, 1984)";"Boud, Keogh, 1985
Cannings, Talley, 2003
Cherry, 2005
Chuang, Rosenbusch, 2005
Clark, Brennan, 1991
Collier, 1999
Conati, Carenini, 2001
Crabtree, Rodden, 2004
Davis, 2006
Dillenbourg, 1999
Fleck, 2008
Fleck, Fitzpatrick, 2006
Frohlich, 2004
Harper, Randall, 2008
Harper, Randell, 2007
Hatton, Smith, 1995
Hutchinson, Bryson, 1997
Jones, McNamara, 2004
Kindberg, Spasojevic, 2005
Lee, 2005
Lemon, 2007
Leung, Kember, 2003
Lindley, Harper, 2009
Manouchehri, 2002
McDonnell, Lloyd, 2002
Moon, 1999
Parsons, Stephenson, 2005
Reinman, 1999
Schön, 1983
Sellen, Fogg, 2007
Sharpe, Hu, 2003
Sherin, van Es, 2002
Thomson, MacDougall, 2005
Thomson, MacDougall, 2005
Ward, McCotter, 2004
Williams, Wood, 2004
Zuber-Skerritt, Ed, 1984";"1,00";",97";",99"
"TUW-185321";"=HYPERLINK("D:\Java\git\MethodDemosGit\MethodDemos\output\groundtruth\TUW-185321.pdf")";"=HYPERLINK("D:\Java\git\MethodDemosGit\MethodDemos\output\result\result-TUW-185321-xstream.xml")";"=HYPERLINK("D:\Java\git\MethodDemosGit\MethodDemos\output\extracted\parscit\parscit-TUW-185321-xstream.xml")";"";"[1]";",00";",00";",00"
"TUW-185441";"=HYPERLINK("D:\Java\git\MethodDemosGit\MethodDemos\output\groundtruth\TUW-185441.pdf")";"=HYPERLINK("D:\Java\git\MethodDemosGit\MethodDemos\output\result\result-TUW-185441-xstream.xml")";"=HYPERLINK("D:\Java\git\MethodDemosGit\MethodDemos\output\extracted\parscit\parscit-TUW-185441-xstream.xml")";"



";"[1]
[2]
[3]
[4]
[5]";",00";",00";",00"
"TUW-186227";"=HYPERLINK("D:\Java\git\MethodDemosGit\MethodDemos\output\groundtruth\TUW-186227.pdf")";"=HYPERLINK("D:\Java\git\MethodDemosGit\MethodDemos\output\result\result-TUW-186227-xstream.xml")";"=HYPERLINK("D:\Java\git\MethodDemosGit\MethodDemos\output\extracted\parscit\parscit-TUW-186227-xstream.xml")";"





";"[1]
[2]
[3]
[4]
[5]
[6]
[7]";",00";",00";",00"
"TUW-189842";"=HYPERLINK("D:\Java\git\MethodDemosGit\MethodDemos\output\groundtruth\TUW-189842.pdf")";"=HYPERLINK("D:\Java\git\MethodDemosGit\MethodDemos\output\result\result-TUW-189842-xstream.xml")";"=HYPERLINK("D:\Java\git\MethodDemosGit\MethodDemos\output\extracted\parscit\parscit-TUW-189842-xstream.xml")";"


";"[1]
[3]
[4]";",00";",00";",00"
"TUW-191715";"=HYPERLINK("D:\Java\git\MethodDemosGit\MethodDemos\output\groundtruth\TUW-191715.pdf")";"=HYPERLINK("D:\Java\git\MethodDemosGit\MethodDemos\output\result\result-TUW-191715-xstream.xml")";"=HYPERLINK("D:\Java\git\MethodDemosGit\MethodDemos\output\extracted\parscit\parscit-TUW-191715-xstream.xml")";"































";"1.
2.
3.
4.
5.
6.
8.
9.
10.
11.
12.
14.
15.
16.
17.
18.
19.
20.
22.
23.
24.
25.
27.
28.
29.
30.
31.
32.
33.";",00";",00";",00"
"TUW-191977";"=HYPERLINK("D:\Java\git\MethodDemosGit\MethodDemos\output\groundtruth\TUW-191977.pdf")";"=HYPERLINK("D:\Java\git\MethodDemosGit\MethodDemos\output\result\result-TUW-191977-xstream.xml")";"=HYPERLINK("D:\Java\git\MethodDemosGit\MethodDemos\output\extracted\parscit\parscit-TUW-191977-xstream.xml")";"




";"1.
2.
3.
5.
6.";",00";",00";",00"
"TUW-192724";"=HYPERLINK("D:\Java\git\MethodDemosGit\MethodDemos\output\groundtruth\TUW-192724.pdf")";"=HYPERLINK("D:\Java\git\MethodDemosGit\MethodDemos\output\result\result-TUW-192724-xstream.xml")";"=HYPERLINK("D:\Java\git\MethodDemosGit\MethodDemos\output\extracted\parscit\parscit-TUW-192724-xstream.xml")";"[Dudycz, 2005]
[Edvinsson, Malone, 1997]
[Farlow, 1984]
[Fitz-Enz, 2001]
[Hill, Jones, 2000]
[Iwachnienko, 1982]
[Johnson, Scholes, 2002]
[Kasiewicz, Rogowski, Kici?ska, 2006]
[Kasprzak, in. polish]
[Klaus, Rosemann, Gable, Manufactured in The Netherlands]
[Krebs, Patalas-Maliszewska, 2009]
[Mintzberg, Lampel, Quinn, Ghoshal, 2003]
[Nonaka, Takeuchi, 1995]
[Patalas-Maliszewska, 2010]
[Quinn, Anderson, Finkelstein, 1996]
[Soko?owska, 2005]";"1.
2.
3.
4.
5.
6.
7.
8.
10.
11.
12.
13.
14.
15.
16.";",00";",00";",00"
"TUW-194085";"=HYPERLINK("D:\Java\git\MethodDemosGit\MethodDemos\output\groundtruth\TUW-194085.pdf")";"=HYPERLINK("D:\Java\git\MethodDemosGit\MethodDemos\output\result\result-TUW-194085-xstream.xml")";"=HYPERLINK("D:\Java\git\MethodDemosGit\MethodDemos\output\extracted\parscit\parscit-TUW-194085-xstream.xml")";"Alpern, Schneider [1985]
Attiya, Welch [2004]
Bourbaki [1989]
Charron-Bost, Toueg, Basu [2000]
Dolev, Dwork, Stockmeyer [1987]
Fich, Ruppert [2003]
Fischer, Lynch, Paterson [1985]
Hatcher [2002]
Herlihy, Rajsbaum [2000]
Herlihy, Shavit [1993]
Herrlich, Strecker [1973]
Lamport [1977]
Lubitch, Moran [1995]
Lynch [1996]
Moses, Rajsbaum [2002]
Saks, Zaharoglou [2000]
Santoro, Widmayer [1989]
Spanier [1966]";"Alpern, Schneider, 1985
Attiya, Welch, 2004
Bourbaki, 1989
Charron-Bost, Toueg, Basu, 2000
Dolev, Dwork, Stockmeyer, 1987
Fich, Ruppert, 2003
Fischer, Lynch, Paterson, 1985
Hatcher, 2002
Herlihy, Rajsbaum, 2000
Herlihy, Shavit, 1993
Herrlich, Strecker, 1973
Lamport, 1977
Lubitch, Moran, 1995
Lynch, 1996
Moses, Rajsbaum, 2002
Saks, Zaharoglou, 2000
Santoro, Widmayer, 1989
Spanier, 1966";",72";",72";",72"
"TUW-194561";"=HYPERLINK("D:\Java\git\MethodDemosGit\MethodDemos\output\groundtruth\TUW-194561.pdf")";"=HYPERLINK("D:\Java\git\MethodDemosGit\MethodDemos\output\result\result-TUW-194561-xstream.xml")";"=HYPERLINK("D:\Java\git\MethodDemosGit\MethodDemos\output\extracted\parscit\parscit-TUW-194561-xstream.xml")";"




















";"[1]
[2]
[3]
[4]
[5]
[6]
[7]
[8]
[9]
[10]
[11]
[12]
[13]
[14]
[15]
[16]
[17]
[18]
[19]
[20]
[21]
[22]";",00";",00";",00"
"TUW-194660";"=HYPERLINK("D:\Java\git\MethodDemosGit\MethodDemos\output\groundtruth\TUW-194660.pdf")";"=HYPERLINK("D:\Java\git\MethodDemosGit\MethodDemos\output\result\result-TUW-194660-xstream.xml")";"=HYPERLINK("D:\Java\git\MethodDemosGit\MethodDemos\output\extracted\parscit\parscit-TUW-194660-xstream.xml")";"



";"[1]
[2]
[4]
[5]";",00";",00";",00"
"TUW-197422";"=HYPERLINK("D:\Java\git\MethodDemosGit\MethodDemos\output\groundtruth\TUW-197422.pdf")";"=HYPERLINK("D:\Java\git\MethodDemosGit\MethodDemos\output\result\result-TUW-197422-xstream.xml")";"=HYPERLINK("D:\Java\git\MethodDemosGit\MethodDemos\output\extracted\parscit\parscit-TUW-197422-xstream.xml")";"[Byr03]
[CNM83]
[Dou01]
[DRC10]
[GRF08]
[HHN85]
[Hut96]
[Kee10]
[KN06]
[Lam08]
[LNS08]
[LS10]
[Nor88]
[Nor93]
[PSCO09]
[Ric06]
[SC06]
[SNLD06]
[Spe07]
[Ste92]
[Str04]
[Suc87]
[TC05]
[Tha96]
[War04]
[YKSJ07]";"[Byr03]
[CNM83]
[Dou01]
[DRC10]
[GRF08]
[HHN85]
[Hut96]
[Kee10]
[KN06]
[Lam08]
[LNS08]
[LS10]
[Nor88]
[Nor93]
[PSCO09]
[Ric06]
[SC06]
[SNLD06]
[Spe07]
[Ste92]
[Str04]
[Suc87]
[TC05]
[Tha96]
[War04]
[YKSJ07]";"1,00";"1,00";"1,00"
"TUW-197852";"=HYPERLINK("D:\Java\git\MethodDemosGit\MethodDemos\output\groundtruth\TUW-197852.pdf")";"=HYPERLINK("D:\Java\git\MethodDemosGit\MethodDemos\output\result\result-TUW-197852-xstream.xml")";"=HYPERLINK("D:\Java\git\MethodDemosGit\MethodDemos\output\extracted\parscit\parscit-TUW-197852-xstream.xml")";"[Abb83]
[APL08]
[BM06]
[BSW+08]
[FKM05]
[SM04]
[WKH08]";"[Abb83]
[APL08]
[BM06]
[BSW+08]
[FKM05]
[SM04]
[WKH08]";"1,00";"1,00";"1,00"
"TUW-198400";"=HYPERLINK("D:\Java\git\MethodDemosGit\MethodDemos\output\groundtruth\TUW-198400.pdf")";"=HYPERLINK("D:\Java\git\MethodDemosGit\MethodDemos\output\result\result-TUW-198400-xstream.xml")";"=HYPERLINK("D:\Java\git\MethodDemosGit\MethodDemos\output\extracted\parscit\parscit-TUW-198400-xstream.xml")";"


























";"[1]
[2]
[3]
[4]
[5]
[6]
[7]
[8]
[9]
[10]
[11]
[12]
[13]
[14]
[15]
[16]
[17]
[19]
[20]
[21]
[22]
[23]
[24]
[25]
[26]
[27]
[28]";",00";",00";",00"
"TUW-198401";"=HYPERLINK("D:\Java\git\MethodDemosGit\MethodDemos\output\groundtruth\TUW-198401.pdf")";"=HYPERLINK("D:\Java\git\MethodDemosGit\MethodDemos\output\result\result-TUW-198401-xstream.xml")";"=HYPERLINK("D:\Java\git\MethodDemosGit\MethodDemos\output\extracted\parscit\parscit-TUW-198401-xstream.xml")";"




";"Butler, 2002
2007
Maiden, Ncube, 1998
Röhrig, 2002
Saaty, 1980";",00";",00";",00"
"TUW-198405";"=HYPERLINK("D:\Java\git\MethodDemosGit\MethodDemos\output\groundtruth\TUW-198405.pdf")";"=HYPERLINK("D:\Java\git\MethodDemosGit\MethodDemos\output\result\result-TUW-198405-xstream.xml")";"=HYPERLINK("D:\Java\git\MethodDemosGit\MethodDemos\output\extracted\parscit\parscit-TUW-198405-xstream.xml")";"




";"[1]
[2]
[3]
[4]
[5]
[6]";",00";",00";",00"
"TUW-198408";"=HYPERLINK("D:\Java\git\MethodDemosGit\MethodDemos\output\groundtruth\TUW-198408.pdf")";"=HYPERLINK("D:\Java\git\MethodDemosGit\MethodDemos\output\result\result-TUW-198408-xstream.xml")";"=HYPERLINK("D:\Java\git\MethodDemosGit\MethodDemos\output\extracted\parscit\parscit-TUW-198408-xstream.xml")";"[Alves2001]
[Alves2003]
[Andrews2005]
[Basili1987]
[Basili1996]
[Doerner2006]
[Ehrgott2000]
[Ehrgott2004]
[Kontio1995]
[Kunda2003]
[Lozanotello2002]
[Maiden1998]
[Maiden2002]
[Martinsons1998]
[Medaglia2006]
[Morisio2002]
[Navarrete2005]
[Ncube2002]
[Neubauer2006]
[Ruhe2002]
[Ruhe2003]
[Ryan2004]
[Torchiano2004]
[Tran1997]
[Stummer2003]
[Stummer2005]
[Wanyama2005]";"[Alves2001]
[Alves2003]
[Andrews2005]
[Basili1987]
[Basili1996]
[Doerner2006]
[Ehrgott2000]
[Ehrgott2004]
[Kontio1995]
[Kunda2003]
[LozanoTello2002]
[Maiden1998]
[Maiden2002]
[Martinsons1998]
[Medaglia2006]
[Navarrete2005]
[Ncube2002]
[Neubauer2006]
[Ruhe2002]
[Ruhe2003]
[Ryan2004]
[Torchiano2004]
[Tran1997]
[Stummer2003]
[Stummer2005]
[Wanyama2005]";"1,00";",96";",98"
"TUW-200745";"=HYPERLINK("D:\Java\git\MethodDemosGit\MethodDemos\output\groundtruth\TUW-200745.pdf")";"=HYPERLINK("D:\Java\git\MethodDemosGit\MethodDemos\output\result\result-TUW-200745-xstream.xml")";"=HYPERLINK("D:\Java\git\MethodDemosGit\MethodDemos\output\extracted\parscit\parscit-TUW-200745-xstream.xml")";"














";"[1]
[2]
[3]
[4]
[5]
[6]
[7]
[8]
[9]
[10]
[11]
[12]
[13]
[14]
[15]
[16]";",00";",00";",00"
"TUW-200748";"=HYPERLINK("D:\Java\git\MethodDemosGit\MethodDemos\output\groundtruth\TUW-200748.pdf")";"=HYPERLINK("D:\Java\git\MethodDemosGit\MethodDemos\output\result\result-TUW-200748-xstream.xml")";"=HYPERLINK("D:\Java\git\MethodDemosGit\MethodDemos\output\extracted\parscit\parscit-TUW-200748-xstream.xml")";"







































";"[1]
[2]
[3]
[4]
[5]
[6]
[7]
[9]
[10]
[11]
[12]
[13]
[14]
[15]
[16]
[17]
[18]
[19]
[20]
[21]
[22]
[23]
[25]
[26]
[27]
[28]
[29]
[30]
[31]
[33]
[34]
[35]
[36]
[37]
[38]
[39]
[40]
[41]";",00";",00";",00"
"TUW-200948";"=HYPERLINK("D:\Java\git\MethodDemosGit\MethodDemos\output\groundtruth\TUW-200948.pdf")";"=HYPERLINK("D:\Java\git\MethodDemosGit\MethodDemos\output\result\result-TUW-200948-xstream.xml")";"=HYPERLINK("D:\Java\git\MethodDemosGit\MethodDemos\output\extracted\parscit\parscit-TUW-200948-xstream.xml")";"















";"1.
2.
3.
4.
5.
6.
7.
8.
10.
11.
12.
13.
14.
15.
16.
17.";",00";",00";",00"
"TUW-200950";"=HYPERLINK("D:\Java\git\MethodDemosGit\MethodDemos\output\groundtruth\TUW-200950.pdf")";"=HYPERLINK("D:\Java\git\MethodDemosGit\MethodDemos\output\result\result-TUW-200950-xstream.xml")";"=HYPERLINK("D:\Java\git\MethodDemosGit\MethodDemos\output\extracted\parscit\parscit-TUW-200950-xstream.xml")";"[Al00]
[ALS91]
[BF05]
[BFLRRW06]
[BPT92]
[CFRRRS07]
[Cou90]
[DF99]
[ERT80]
[FG06]
[FGKPRWY07]
[FHR07]
[JS97]
[JT95]
[KPW03]
[KTV98]
[Ma04]
[Mey73]
[Nie06]
[Th94]
[Tu97]
[Viz76]
[Wo01]";"[Al00]
[ALS91]
[BF05]
[BFLRRW06]
[BPT92]
[CFRRRS07]
[Cou90]
[DF99]
[ERT80]
[FG06]
[FGKPRWY07]
[FHR07]
[JS97]
[JT95]
[KPW03]
[KTV98]
[Ma04]
[Mey73]
[Nie06]
[Th94]
[Tu97]
[Viz76]
[Wo01]";"1,00";"1,00";"1,00"
"TUW-200959";"=HYPERLINK("D:\Java\git\MethodDemosGit\MethodDemos\output\groundtruth\TUW-200959.pdf")";"=HYPERLINK("D:\Java\git\MethodDemosGit\MethodDemos\output\result\result-TUW-200959-xstream.xml")";"=HYPERLINK("D:\Java\git\MethodDemosGit\MethodDemos\output\extracted\parscit\parscit-TUW-200959-xstream.xml")";"

























";"[1]
[2]
[3]
[4]
[5]
[6]
[7]
[8]
[9]
[10]
[11]
[12]
[13]
[14]
[15]
[16]
[17]
[18]
[19]
[20]
[21]
[22]
[23]
[24]
[25]
[26]
[27]";",00";",00";",00"
"TUW-201066";"=HYPERLINK("D:\Java\git\MethodDemosGit\MethodDemos\output\groundtruth\TUW-201066.pdf")";"=HYPERLINK("D:\Java\git\MethodDemosGit\MethodDemos\output\result\result-TUW-201066-xstream.xml")";"=HYPERLINK("D:\Java\git\MethodDemosGit\MethodDemos\output\extracted\parscit\parscit-TUW-201066-xstream.xml")";"


";"1.
2.
3.
4.";",00";",00";",00"
"TUW-201160";"=HYPERLINK("D:\Java\git\MethodDemosGit\MethodDemos\output\groundtruth\TUW-201160.pdf")";"=HYPERLINK("D:\Java\git\MethodDemosGit\MethodDemos\output\result\result-TUW-201160-xstream.xml")";"=HYPERLINK("D:\Java\git\MethodDemosGit\MethodDemos\output\extracted\parscit\parscit-TUW-201160-xstream.xml")";"





";"1.
2.
3.
4.
5.
6.
7.";",00";",00";",00"
"TUW-201167";"=HYPERLINK("D:\Java\git\MethodDemosGit\MethodDemos\output\groundtruth\TUW-201167.pdf")";"=HYPERLINK("D:\Java\git\MethodDemosGit\MethodDemos\output\result\result-TUW-201167-xstream.xml")";"=HYPERLINK("D:\Java\git\MethodDemosGit\MethodDemos\output\extracted\parscit\parscit-TUW-201167-xstream.xml")";"




";"1.
2.
3.
4.
5.
6.";",00";",00";",00"
"TUW-201821";"=HYPERLINK("D:\Java\git\MethodDemosGit\MethodDemos\output\groundtruth\TUW-201821.pdf")";"=HYPERLINK("D:\Java\git\MethodDemosGit\MethodDemos\output\result\result-TUW-201821-xstream.xml")";"=HYPERLINK("D:\Java\git\MethodDemosGit\MethodDemos\output\extracted\parscit\parscit-TUW-201821-xstream.xml")";"j
m
m
m
m
j
m
j
m
j
j
m
j
m
j
m
j
m
j
j
j
m
m
m";"1.
2.
3.
4.
5.
6.
7.
8.
9.
10.
11.
12.
13.
14.
15.
16.
17.
18.
19.
20.
21.
22.
23.
24.";",00";",00";",00"
"TUW-202034";"=HYPERLINK("D:\Java\git\MethodDemosGit\MethodDemos\output\groundtruth\TUW-202034.pdf")";"=HYPERLINK("D:\Java\git\MethodDemosGit\MethodDemos\output\result\result-TUW-202034-xstream.xml")";"=HYPERLINK("D:\Java\git\MethodDemosGit\MethodDemos\output\extracted\parscit\parscit-TUW-202034-xstream.xml")";"



















";"[1]
[2]
[3]
[4]
[5]
[6]
[7]
[8]
[9]
[10]
[11]
[12]
[13]
[14]
[15]
[16]
[17]
[18]
[19]
[20]
[21]";",00";",00";",00"
"TUW-202824";"=HYPERLINK("D:\Java\git\MethodDemosGit\MethodDemos\output\groundtruth\TUW-202824.pdf")";"=HYPERLINK("D:\Java\git\MethodDemosGit\MethodDemos\output\result\result-TUW-202824-xstream.xml")";"=HYPERLINK("D:\Java\git\MethodDemosGit\MethodDemos\output\extracted\parscit\parscit-TUW-202824-xstream.xml")";"


";"[1]
[2]
[3]
[4]";",00";",00";",00"
"TUW-203409";"=HYPERLINK("D:\Java\git\MethodDemosGit\MethodDemos\output\groundtruth\TUW-203409.pdf")";"=HYPERLINK("D:\Java\git\MethodDemosGit\MethodDemos\output\result\result-TUW-203409-xstream.xml")";"=HYPERLINK("D:\Java\git\MethodDemosGit\MethodDemos\output\extracted\parscit\parscit-TUW-203409-xstream.xml")";"";"";"none extracted value";"none expected";"NA"
"TUW-203924";"=HYPERLINK("D:\Java\git\MethodDemosGit\MethodDemos\output\groundtruth\TUW-203924.pdf")";"=HYPERLINK("D:\Java\git\MethodDemosGit\MethodDemos\output\result\result-TUW-203924-xstream.xml")";"=HYPERLINK("D:\Java\git\MethodDemosGit\MethodDemos\output\extracted\parscit\parscit-TUW-203924-xstream.xml")";"




















";"[1]
[2]
[3]
[6]
[7]
[11]
[12]
[13]
[15]
[16]
[18]
[20]
[22]";",00";",00";",00"
"TUW-204724";"=HYPERLINK("D:\Java\git\MethodDemosGit\MethodDemos\output\groundtruth\TUW-204724.pdf")";"=HYPERLINK("D:\Java\git\MethodDemosGit\MethodDemos\output\result\result-TUW-204724-xstream.xml")";"=HYPERLINK("D:\Java\git\MethodDemosGit\MethodDemos\output\extracted\parscit\parscit-TUW-204724-xstream.xml")";"(Król, Ludwiczy?ski, 2007)
(Barthelme, Ermine, Rosenthal-Sabroux, 1998)
(Basu, 1998)
(Carayannis, 1998)
(Drew, 1999)
(Chen, Liang, 1999)
(Senn, 1990)
(Chrisman, Chua, Zahra, 2003)
(McGrath, MacMillan, 2000)
(Sirmon, Hitt, 2003)
(Berio, Harzallah, 2005)
(Patalas-Maliszewska, Republic, 2009)";"1.
2.
3.
11.
6.
7.
8.
9.
10.
11.
12.";",00";",00";",00"
"TUW-205557";"=HYPERLINK("D:\Java\git\MethodDemosGit\MethodDemos\output\groundtruth\TUW-205557.pdf")";"=HYPERLINK("D:\Java\git\MethodDemosGit\MethodDemos\output\result\result-TUW-205557-xstream.xml")";"=HYPERLINK("D:\Java\git\MethodDemosGit\MethodDemos\output\extracted\parscit\parscit-TUW-205557-xstream.xml")";"m
m";"1.
2.";",00";",00";",00"
"TUW-205933";"=HYPERLINK("D:\Java\git\MethodDemosGit\MethodDemos\output\groundtruth\TUW-205933.pdf")";"=HYPERLINK("D:\Java\git\MethodDemosGit\MethodDemos\output\result\result-TUW-205933-xstream.xml")";"=HYPERLINK("D:\Java\git\MethodDemosGit\MethodDemos\output\extracted\parscit\parscit-TUW-205933-xstream.xml")";"[Bateson, 1973]|m
[Bishop, 2008]
[Fenzl and Hofkirchner, 1997]
[Haken, 1988]
[Halley and Winkler, 2008]
[Hofkirchner, 2011]
[Lenin, 1977]
[Mayr, 1974]
[Morin, 1992]
[Peirce, 1983]
[Peirce, 2000]
[Ursul, 1970]";"[Bateson, 1973]
[Fenzl and Hofkirchner, 1997]
[Haken, 1988]
[Halley and Winkler, 2008]
[Lenin, 1977]
[Morin, 1992]
[Peirce, 1983]
[Peirce, 2000]
[Ursul, 1970]";",89";",67";",76"
"TUW-213513";"=HYPERLINK("D:\Java\git\MethodDemosGit\MethodDemos\output\groundtruth\TUW-213513.pdf")";"=HYPERLINK("D:\Java\git\MethodDemosGit\MethodDemos\output\result\result-TUW-213513-xstream.xml")";"=HYPERLINK("D:\Java\git\MethodDemosGit\MethodDemos\output\extracted\parscit\parscit-TUW-213513-xstream.xml")";"m
m";"1.
2.";",00";",00";",00"
"TUW-216744";"=HYPERLINK("D:\Java\git\MethodDemosGit\MethodDemos\output\groundtruth\TUW-216744.pdf")";"=HYPERLINK("D:\Java\git\MethodDemosGit\MethodDemos\output\result\result-TUW-216744-xstream.xml")";"=HYPERLINK("D:\Java\git\MethodDemosGit\MethodDemos\output\extracted\parscit\parscit-TUW-216744-xstream.xml")";"j
j
j
j
j
j
j
j
j
j
j
j
m
m
j
m
j
m";"[1]
[2]
[3]
[4]
[5]
[7]
[9]
[10]
[11]
[12]
[13]
[14]
[15]
[16]
[17]
[18]";",00";",00";",00"
"TUW-217690";"=HYPERLINK("D:\Java\git\MethodDemosGit\MethodDemos\output\groundtruth\TUW-217690.pdf")";"=HYPERLINK("D:\Java\git\MethodDemosGit\MethodDemos\output\result\result-TUW-217690-xstream.xml")";"=HYPERLINK("D:\Java\git\MethodDemosGit\MethodDemos\output\extracted\parscit\parscit-TUW-217690-xstream.xml")";"m
m";"[1]
[2]";",00";",00";",00"
"TUW-217971";"=HYPERLINK("D:\Java\git\MethodDemosGit\MethodDemos\output\groundtruth\TUW-217971.pdf")";"=HYPERLINK("D:\Java\git\MethodDemosGit\MethodDemos\output\result\result-TUW-217971-xstream.xml")";"=HYPERLINK("D:\Java\git\MethodDemosGit\MethodDemos\output\extracted\parscit\parscit-TUW-217971-xstream.xml")";"m
m
m
m
m
m
j
m
m
m";"[1]
[2]
[3]
[4]
[5]
[6]
[7]
[8]
[9]
[10]";",00";",00";",00"
"TUW-221215";"=HYPERLINK("D:\Java\git\MethodDemosGit\MethodDemos\output\groundtruth\TUW-221215.pdf")";"=HYPERLINK("D:\Java\git\MethodDemosGit\MethodDemos\output\result\result-TUW-221215-xstream.xml")";"=HYPERLINK("D:\Java\git\MethodDemosGit\MethodDemos\output\extracted\parscit\parscit-TUW-221215-xstream.xml")";"j
j
m
j
j
j
j
m
m
j
m
m
j
j
j
j
m

j
j
j
m
m
m
m
j
j
m
m
j
j
m
j
j
m
j
j
m
m
m
j
m
m
j
m";"[1]
[2]
[3]
[4]
[5]
[6]
[7]
[8]
[9]
[10]
[11]
[12]
[13]
[14]
[15]
[16]
[17]
[18]
[19]
[20]
[21]
[22]
[23]
[24]
[25]
[26]
[27]
[28]
[29]
[30]
[31]
[32]
[33]
[34]
[35]
[36]
[37]
[38]
[39]
[41]
[42]
[43]
[44]";",00";",00";",00"
"TUW-223906";"=HYPERLINK("D:\Java\git\MethodDemosGit\MethodDemos\output\groundtruth\TUW-223906.pdf")";"=HYPERLINK("D:\Java\git\MethodDemosGit\MethodDemos\output\result\result-TUW-223906-xstream.xml")";"=HYPERLINK("D:\Java\git\MethodDemosGit\MethodDemos\output\extracted\parscit\parscit-TUW-223906-xstream.xml")";"m
m
m
m
m";"[1]
[2]
[3]
[4]
[5]";",00";",00";",00"
"TUW-223973";"=HYPERLINK("D:\Java\git\MethodDemosGit\MethodDemos\output\groundtruth\TUW-223973.pdf")";"=HYPERLINK("D:\Java\git\MethodDemosGit\MethodDemos\output\result\result-TUW-223973-xstream.xml")";"=HYPERLINK("D:\Java\git\MethodDemosGit\MethodDemos\output\extracted\parscit\parscit-TUW-223973-xstream.xml")";"j
j
m
j
j
m
j
j
j
j
j
m
m
j
j
m
m
j

m
m
j
m";"1.
2.
3.
4.
5.
6.
7.
8.
9.
10.
11.
12.
13.
15.
16.
17.
18.
19.
20.
21.
22.
23.";",00";",00";",00"
"TUW-225252";"=HYPERLINK("D:\Java\git\MethodDemosGit\MethodDemos\output\groundtruth\TUW-225252.pdf")";"=HYPERLINK("D:\Java\git\MethodDemosGit\MethodDemos\output\result\result-TUW-225252-xstream.xml")";"=HYPERLINK("D:\Java\git\MethodDemosGit\MethodDemos\output\extracted\parscit\parscit-TUW-225252-xstream.xml")";"m
m
m
m
m
j";"1.
2.
3.
4.
5.
6.";",00";",00";",00"
"TUW-226000";"=HYPERLINK("D:\Java\git\MethodDemosGit\MethodDemos\output\groundtruth\TUW-226000.pdf")";"=HYPERLINK("D:\Java\git\MethodDemosGit\MethodDemos\output\result\result-TUW-226000-xstream.xml")";"=HYPERLINK("D:\Java\git\MethodDemosGit\MethodDemos\output\extracted\parscit\parscit-TUW-226000-xstream.xml")";"m
m
m
m
m
m
m
m
m
m
j

m
m";"[1]
[2]
[3]
[4]
[5]
[6]
[7]
[9]
[10]
[12]
[13]
[14]";",00";",00";",00"
"TUW-226016";"=HYPERLINK("D:\Java\git\MethodDemosGit\MethodDemos\output\groundtruth\TUW-226016.pdf")";"=HYPERLINK("D:\Java\git\MethodDemosGit\MethodDemos\output\result\result-TUW-226016-xstream.xml")";"=HYPERLINK("D:\Java\git\MethodDemosGit\MethodDemos\output\extracted\parscit\parscit-TUW-226016-xstream.xml")";"[AAR09]|j
[And02]|m
[BCC+03]|m
[BCD+05]|m
[BMSW10]|m
[CC77]|m
[Coo71]|m
[DdM06]|m
[Dij75]|m
[DL62]|m
[dMB11]|m
[DP60]|m
[DW50]|m
[ES04]|m
[FM10]|m
[G.S83]|m
[HHKR10]|m
[HKV11]|m
[KV09]|m
[KVar]|m
[LRCR13]|m
[MMZ+11]|m
[MP92]|m
[MSS99]|m
[SS09]|m
[TH06]|m
[Wan95]|m";"";"none extracted value";",00";"0"
"TUW-228620";"=HYPERLINK("D:\Java\git\MethodDemosGit\MethodDemos\output\groundtruth\TUW-228620.pdf")";"=HYPERLINK("D:\Java\git\MethodDemosGit\MethodDemos\output\result\result-TUW-228620-xstream.xml")";"=HYPERLINK("D:\Java\git\MethodDemosGit\MethodDemos\output\extracted\parscit\parscit-TUW-228620-xstream.xml")";"(acatech 2011)|m
(Accorsi 2011)|m
(Asokan et al. 2013)|m
(Avizienis et al. 2004)|j
(Biggio et al. 2012)|m
(Bons et al. 2012)|j
(BSI 2011)|m
(Buneman et al. 2001)|m
(Camenisch and Lysanskaya 2001)|m
(Chaum 1985)|j
(Dekker et al. 2013)|j
(DIVSI 2012)|m
(Dolev and Yao 1983)|j
(Domingos 2012)|j
(European Commission 2009)|j
(European Commission 2010)|j
(Fischer et al. 1985)|j
(Freire et al. 2013)|m
(Furubotn and Richter 2005)
(Gärtner 1999)|j
(Gilliot et al. 2009)|m
(Haimes 2009)|j
(Hilty et al. 2005)|m
(Holling 2001)|j
(Huang et al. 2011)
(IBM Corporation 2008)|j
(Karjoth et al. 2002)|m
(Naehrig et al. 2011)|m
(Pfitzmann and Hansen 2010)|m
(Pfitzmann and Waidner 1992)|m
(Pretschner et al. 2006)|j
(Prime Minister of Japan and His Cabinet 2013)|m
(Rannenberg et al. 1999)|m
(Riemer et al. 2009)|j
(Ristenpart et al. 2009)|m
(Sackmann et al. 2006)|j
(Samarati and de Capitani di Vimercati 2001)|m
(Sonehara et al. 2011)|m
(Van der Aalst 2012)
(Wahlster and Müller 2013)|j
(Wang and Ju 2006)|m
(Weitzner et al. 2008)|j
(Whitten and Tygar 1999)|m
(Wohlgemuth and Müller 2006)|m
(Wohlgemuth et al. 2010)|j";"acatech, 2011
Accorsi, 2011
Asokan, Davi, Dmitrienko, Heuser, Kostiainen, Reshetova, 2013
Avizienis, Laprie, Randell, Landwehr, 2004
Biggio, Nelson, Laskov, 2012
Bons, Alt, Lee, Weber, 2012
2011
Buneman, Khanna, Tan, 2001
Camenisch, Lysanskaya, 2001
Chaum, 1985
Dekker, Karsberg, Lakka, 2013
2012
Dolev, Yao, 1983
Domingos, 2012
Commission, 2010
Fischer, Lynch, Paterson, 1985
Freire, Hofheinz, Kiltz, Paterson, 2013
Furubotn, Richter, 2005
Gärtner, 1999
Gilliot, Matyas, Wohlgemuth, 2009
Haimes, 2009
Hilty, Basin, Pretschner, 2005
Holling, 2001
Huang, Joseph, Nelson, Rubenstein, Tygar, 2011
Corporation, 2008
Karjoth, Schunter, Waidner, 2002
Naehrig, Lauter, Vaikuntanathan, 2011
Pfitzmann, Hansen, 2010
Pfitzmann, Waidner, 1992
Pretschner, Hilty, Basin, 2006
Japan, Cabinet, 2013
Rannenberg, Pfitzmann, Müller, 1999
Riemer, Steinfield, Vogel, 2009
Ristenpart, Tromer, Shacham, Savage, 2009
Sackmann, Strüker, Accorsi, 2006
Samarati, di Vimercati, S, 2001
Sonehara, Echizen, Wohlgemuth, 2011
Van der Aalst, 2012
Wahlster, Müller, 2013
Wang, Ju, 2006
Weitzner, Abelson, Berners-Lee, Feigenbaum, Hendler, Sussman, 2008
Whitten, Tygar, 1999
Wohlgemuth, Müller, 2006
Wohlgemuth, Echizen, Sonehara, Müller, 2010";",45";",44";",45"
"TUW-231707";"=HYPERLINK("D:\Java\git\MethodDemosGit\MethodDemos\output\groundtruth\TUW-231707.pdf")";"=HYPERLINK("D:\Java\git\MethodDemosGit\MethodDemos\output\result\result-TUW-231707-xstream.xml")";"=HYPERLINK("D:\Java\git\MethodDemosGit\MethodDemos\output\extracted\parscit\parscit-TUW-231707-xstream.xml")";"";"VRVis, 2014";",00";",00";",00"
"TUW-233317";"=HYPERLINK("D:\Java\git\MethodDemosGit\MethodDemos\output\groundtruth\TUW-233317.pdf")";"=HYPERLINK("D:\Java\git\MethodDemosGit\MethodDemos\output\result\result-TUW-233317-xstream.xml")";"=HYPERLINK("D:\Java\git\MethodDemosGit\MethodDemos\output\extracted\parscit\parscit-TUW-233317-xstream.xml")";"m
m
m
j
m
m
j
m
m
m
j
m
m
j";"[1]
[2]
[3]
[4]
[5]
[6]
[7]
[8]
[9]
[10]
[11]
[12]
[13]
[14]";",00";",00";",00"
"TUW-233657";"=HYPERLINK("D:\Java\git\MethodDemosGit\MethodDemos\output\groundtruth\TUW-233657.pdf")";"=HYPERLINK("D:\Java\git\MethodDemosGit\MethodDemos\output\result\result-TUW-233657-xstream.xml")";"=HYPERLINK("D:\Java\git\MethodDemosGit\MethodDemos\output\extracted\parscit\parscit-TUW-233657-xstream.xml")";"m
m
m
m
m
m
j
j
j
j
j
m
m";"[1]
[2]
[3]
[4]
[5]
[6]
[9]
[10]
[11]
[12]
[13]";",00";",00";",00"
"TUW-236063";"=HYPERLINK("D:\Java\git\MethodDemosGit\MethodDemos\output\groundtruth\TUW-236063.pdf")";"=HYPERLINK("D:\Java\git\MethodDemosGit\MethodDemos\output\result\result-TUW-236063-xstream.xml")";"=HYPERLINK("D:\Java\git\MethodDemosGit\MethodDemos\output\extracted\parscit\parscit-TUW-236063-xstream.xml")";"m
m
m";"[1]
[2]
[3]";",00";",00";",00"
"TUW-236120";"=HYPERLINK("D:\Java\git\MethodDemosGit\MethodDemos\output\groundtruth\TUW-236120.pdf")";"=HYPERLINK("D:\Java\git\MethodDemosGit\MethodDemos\output\result\result-TUW-236120-xstream.xml")";"=HYPERLINK("D:\Java\git\MethodDemosGit\MethodDemos\output\extracted\parscit\parscit-TUW-236120-xstream.xml")";"

m
m
m


m
j
j
m
m

j
m
m
j
m
m";"2.
3.
4.
5.
8.
10.
12.
15.
16.
17.
18.";",00";",00";",00"
"TUW-237297";"=HYPERLINK("D:\Java\git\MethodDemosGit\MethodDemos\output\groundtruth\TUW-237297.pdf")";"=HYPERLINK("D:\Java\git\MethodDemosGit\MethodDemos\output\result\result-TUW-237297-xstream.xml")";"=HYPERLINK("D:\Java\git\MethodDemosGit\MethodDemos\output\extracted\parscit\parscit-TUW-237297-xstream.xml")";"m
m
m
m

m
j
m
m";"[1]
[2]
[3]
[4]
[5]
[6]
[7]
[8]";",00";",00";",00"
"TUW-240858";"=HYPERLINK("D:\Java\git\MethodDemosGit\MethodDemos\output\groundtruth\TUW-240858.pdf")";"=HYPERLINK("D:\Java\git\MethodDemosGit\MethodDemos\output\result\result-TUW-240858-xstream.xml")";"=HYPERLINK("D:\Java\git\MethodDemosGit\MethodDemos\output\extracted\parscit\parscit-TUW-240858-xstream.xml")";"m
j
j
m
j
m
m
m
m
j
m
m
j";"1.
2.
3.
4.
5.
6.
7.
8.
9.
10.
11.
12.
13.";",00";",00";",00"
"TUW-245336";"=HYPERLINK("D:\Java\git\MethodDemosGit\MethodDemos\output\groundtruth\TUW-245336.pdf")";"=HYPERLINK("D:\Java\git\MethodDemosGit\MethodDemos\output\result\result-TUW-245336-xstream.xml")";"=HYPERLINK("D:\Java\git\MethodDemosGit\MethodDemos\output\extracted\parscit\parscit-TUW-245336-xstream.xml")";"j
m
m
j
j
j
j
m
m
m
j
m
m
m
j
m
m
m
m
j
j
j
m";"Axelrod, Fitzpatrick, Burridge, Mawson, Smith, Rodden, Ricketts, 2009
Aarhus, Ballegaard, 2010
Balaam, Egglestone, Fitzpatrick, Rodden, Hughes, Wilkinson, Nind, Axelrod, Harris, Ricketts, Mawson, Burridge, J, 2011
Blythe, Monk, Doughty, 2005
Brownsell, Bradley, Blackburn, Cardinaux, Hawley, 2011
Coiera, 2009
Fitzsimmons, Thompson, Hawley, Mountain, 2011
Draper, Sorell, 2012
Fitzpatrick, Huldtgren, Malmborg, Harely, Ijsselsteijn, 2015
Ganglbauer, 2014
Ganglbauer, Fitzpatrick, Comber, 2013
Ganglbauer, Fitzpatrick, Subasi, Güldenpfennig, 2014
Grimpe, Hartswood, Jirotka, 2014
Gustavsson, Cederberg, Sonesson, 2011
Holstein, Minkler, 2003
Lindley, Harper, Sellen, 2008
Pawson, Tilley, 1997
Procter, Greenhalgh, Wherton, Sugarhood, Rouncefield, Hinder, 2014
Sanders, Rogers, Bowen, Bower, Hirani, Cartwright, Fitzpatrick, Knapp, Barlow, Hendy, Chrysanthaki, Bardsley, Newman, 2012
Sellen, Rogers, Harper, Rodden, 2009
Sharma, Clarke, 2014
Tornstam, 2005";",00";",00";",00"
"TUW-245799";"=HYPERLINK("D:\Java\git\MethodDemosGit\MethodDemos\output\groundtruth\TUW-245799.pdf")";"=HYPERLINK("D:\Java\git\MethodDemosGit\MethodDemos\output\result\result-TUW-245799-xstream.xml")";"=HYPERLINK("D:\Java\git\MethodDemosGit\MethodDemos\output\extracted\parscit\parscit-TUW-245799-xstream.xml")";"m
j
m
m
m
m
m";"[1]
[2]
[3]
[4]
[5]
[6]";",00";",00";",00"
"TUW-247301";"=HYPERLINK("D:\Java\git\MethodDemosGit\MethodDemos\output\groundtruth\TUW-247301.pdf")";"=HYPERLINK("D:\Java\git\MethodDemosGit\MethodDemos\output\result\result-TUW-247301-xstream.xml")";"=HYPERLINK("D:\Java\git\MethodDemosGit\MethodDemos\output\extracted\parscit\parscit-TUW-247301-xstream.xml")";"j
j
m
j
m
j
j";"1.
2.
3.
4.
5.
6.
7.";",00";",00";",00"
"TUW-247741";"=HYPERLINK("D:\Java\git\MethodDemosGit\MethodDemos\output\groundtruth\TUW-247741.pdf")";"=HYPERLINK("D:\Java\git\MethodDemosGit\MethodDemos\output\result\result-TUW-247741-xstream.xml")";"=HYPERLINK("D:\Java\git\MethodDemosGit\MethodDemos\output\extracted\parscit\parscit-TUW-247741-xstream.xml")";"m
m
m
m
j
j
m
m
m
m
m
j
j
j
m
j
m
m
m
j";"[1]
[2]
[3]
[4]
[5]
[6]
[7]
[8]
[9]
[10]
[11]
[12]
[13]
[14]
[15]
[16]
[17]
[18]
[19]
[20]";",00";",00";",00"
"TUW-247743";"=HYPERLINK("D:\Java\git\MethodDemosGit\MethodDemos\output\groundtruth\TUW-247743.pdf")";"=HYPERLINK("D:\Java\git\MethodDemosGit\MethodDemos\output\result\result-TUW-247743-xstream.xml")";"=HYPERLINK("D:\Java\git\MethodDemosGit\MethodDemos\output\extracted\parscit\parscit-TUW-247743-xstream.xml")";"[AJ99]
[AS92]
[Aup03]
[Dev98]
[For86]
[For97]
[Kas97]
[Koh97]
[LR06]
[PDR]
[PRM02]
[RPM03]
[Sam69]
[SC02]
[Sof]
[Ult03a]
[Ult03b]
[Ult05]
[VA00]
[Ves99]
[Yin03]";"[AJ99]
[AS92]
[Aup03]
[Dev98]
[For86]
[For97]
[Kas97]
[Koh97]
[LR06]
[PRM02]
[RPM03]
[Sam69]
[SC02]
[Ult03a]
[Ult03b]
[Ult05]
[VA00]
[Ves99]
[Yin03]";"1,00";",90";",95"
"TUW-251544";"=HYPERLINK("D:\Java\git\MethodDemosGit\MethodDemos\output\groundtruth\TUW-251544.pdf")";"=HYPERLINK("D:\Java\git\MethodDemosGit\MethodDemos\output\result\result-TUW-251544-xstream.xml")";"=HYPERLINK("D:\Java\git\MethodDemosGit\MethodDemos\output\extracted\parscit\parscit-TUW-251544-xstream.xml")";"[BLS11]|m
[CSU15]|j
[CTO16]
[DF08]|m
[Eu16]
[FM10]|m
[Ga16a]|m
[Ga16b]|m
[IV15]
[OCG13]
[SPR14]|m";"[BLS11]
[DF08]
[FM10]
[OCG13]
[SPR14]";",20";",09";",13"
"TUW-252847";"=HYPERLINK("D:\Java\git\MethodDemosGit\MethodDemos\output\groundtruth\TUW-252847.pdf")";"=HYPERLINK("D:\Java\git\MethodDemosGit\MethodDemos\output\result\result-TUW-252847-xstream.xml")";"=HYPERLINK("D:\Java\git\MethodDemosGit\MethodDemos\output\extracted\parscit\parscit-TUW-252847-xstream.xml")";"j
j
m
m
m
j
j
m
m
m
m
j
j
j
m
m
j
m";"[1]
[2]
[3]
[4]
[5]
[6]
[7]
[8]
[9]
[10]
[11]
[12]
[13]
[14]
[15]
[16]
[17]
[18]";",00";",00";",00"
"TUW-255712";"=HYPERLINK("D:\Java\git\MethodDemosGit\MethodDemos\output\groundtruth\TUW-255712.pdf")";"=HYPERLINK("D:\Java\git\MethodDemosGit\MethodDemos\output\result\result-TUW-255712-xstream.xml")";"=HYPERLINK("D:\Java\git\MethodDemosGit\MethodDemos\output\extracted\parscit\parscit-TUW-255712-xstream.xml")";"(Amgoud and Vesic 2011)|j
(Atkinson, Bench-Capon, and McBurney 2006)|j
(Baroni et al. 2011)|j
(Bench-Capon, Prakken, and Sartor 2009)|j
(Bench-Capon 2003)|j
(Brewka and Woltran 2010)|m
(Brewka et al. 2013)|m
(Brewka, Polberg, and Woltran 2014)|m
(Cayrol and Lagasquie-Schiex 2009)|m
(Cayrol and Lagasquie-Schiex 2013)|j
(Dung 1995)|j
(Dunne et al. 2015)|j
(Dyrkolbotn 2014)|m
(Egly, Gaggl, and Woltran 2010)|m
(Ellmauthaler and Strass 2014)|m
(Fox et al. 2010)|j
(Hunter and Williams 2012)|j
(McBurney and Parsons 2009)|m
(Modgil and Bench-Capon 2011)|j
(Modgil 2009)|j
(Nielsen and Parsons 2007)|m
(Nouioua 2013)|m
(Oren, Reed, and Luck 2010)|m
(Polberg and Oren 2014)|m
(Prakken 2009)|m";"Amgoud, Vesic, 2011
Atkinson, Bench-Capon, McBurney, 2006
Baroni, Cerutti, Giacomin, Guida, 2011
Bench-Capon, Prakken, Sartor, 2009
Bench-Capon, 2003
Brewka, Woltran, 2010
Brewka, Ellmauthaler, Strass, Wallner, Woltran, 2013
Brewka, Polberg, Woltran, 2014
Cayrol, Lagasquie-Schiex, 2009
Cayrol, Lagasquie-Schiex, 2013
Dung, 1995
Dunne, Dvok, Linsbichler, Woltran, 2015
Dyrkolbotn, 2014
Egly, Gaggl, Woltran, 2010
Ellmauthaler, Strass, 2014
Fox, Glasspool, Patkar, Austin, Black, South, Robertson, Vincent, 2010
Hunter, Williams, 2012
McBurney, Parsons, 2009
Modgil, Bench-Capon, 2011
Modgil, 2009
Nielsen, Parsons, 2007
Nouioua, 2013
Oren, Reed, Luck, 2010
Polberg, Oren, 2014
Prakken, 2009";",84";",84";",84"
"TUW-256654";"=HYPERLINK("D:\Java\git\MethodDemosGit\MethodDemos\output\groundtruth\TUW-256654.pdf")";"=HYPERLINK("D:\Java\git\MethodDemosGit\MethodDemos\output\result\result-TUW-256654-xstream.xml")";"=HYPERLINK("D:\Java\git\MethodDemosGit\MethodDemos\output\extracted\parscit\parscit-TUW-256654-xstream.xml")";"[Ert16]
[Lev00]";"[Ert16]
[Lev00]";"1,00";"1,00";"1,00"
"TUW-257397";"=HYPERLINK("D:\Java\git\MethodDemosGit\MethodDemos\output\groundtruth\TUW-257397.pdf")";"=HYPERLINK("D:\Java\git\MethodDemosGit\MethodDemos\output\result\result-TUW-257397-xstream.xml")";"=HYPERLINK("D:\Java\git\MethodDemosGit\MethodDemos\output\extracted\parscit\parscit-TUW-257397-xstream.xml")";"j
m
j
m
m
m
j
j
m
m
m
j
m
m
m
m
j
m
m
m
m
m
m
j
j
m
m
m
m";"1.
2.
3.
4.
5.
6.
7.
8.
9.
10.
11.
12.
13.
14.
15.
16.
17.
18.
19.
20.
21.
22.
23.
24.
25.
26.
27.
28.";",00";",00";",00"
"TUW-257870";"=HYPERLINK("D:\Java\git\MethodDemosGit\MethodDemos\output\groundtruth\TUW-257870.pdf")";"=HYPERLINK("D:\Java\git\MethodDemosGit\MethodDemos\output\result\result-TUW-257870-xstream.xml")";"=HYPERLINK("D:\Java\git\MethodDemosGit\MethodDemos\output\extracted\parscit\parscit-TUW-257870-xstream.xml")";"j

j";"1.
2.
3.";",00";",00";",00"
